positionID,sitesetID,positionType
2150,1,0
2579,1,0
3322,1,0
5726,1,0
4522,2,0
3498,0,1
4818,0,1
6161,0,1
3347,0,1
2078,0,2
675,1,0
7619,1,0
457,0,1
6163,0,1
303,0,3
1143,0,1
5539,1,0
4828,0,1
3671,0,2
7052,0,1
7563,0,1
1865,0,2
69,0,2
6086,0,1
750,0,1
4896,0,1
3284,1,0
2303,0,1
3307,0,1
3016,0,2
1842,1,0
4122,0,1
5497,0,1
3789,0,1
1638,0,1
4538,0,1
4250,0,1
4943,0,3
5013,0,1
1451,0,1
7158,0,2
7455,0,1
4624,0,1
4108,0,1
1787,0,1
6077,0,1
3241,0,1
4657,0,1
1465,0,1
1456,0,1
3678,0,1
293,0,3
7422,0,1
2173,0,1
6003,0,1
2089,0,3
4927,0,1
779,0,1
3338,0,1
2054,0,1
4177,0,1
1848,0,1
6539,0,1
871,0,3
6760,0,3
7350,0,1
2931,0,1
4315,0,3
7424,1,0
2831,0,1
1385,0,1
2117,0,2
5347,0,1
4379,0,1
2623,0,3
2537,0,2
4292,0,1
6336,0,1
3293,0,2
103,0,1
3093,0,1
3688,0,1
7149,0,1
3150,0,1
4881,0,1
1193,0,1
3457,0,1
59,0,2
2251,0,1
6884,1,0
5352,0,1
409,0,1
633,0,2
3615,0,1
478,0,1
5090,0,1
5716,0,1
188,0,1
2058,0,1
1876,0,1
4867,0,1
1791,0,1
4952,0,1
4238,0,1
2306,0,1
2908,0,1
557,0,2
1911,0,1
896,1,0
3012,0,1
2721,0,3
7161,0,2
5510,0,1
2871,0,1
7185,0,1
2426,0,1
3600,0,1
4158,1,0
4871,1,0
5971,0,1
6849,0,1
5358,0,1
950,0,1
4740,0,1
1392,1,0
2431,0,1
322,0,1
5909,0,1
2071,0,1
2879,0,1
6842,1,5
985,0,1
2001,0,2
2240,0,1
5759,0,2
2361,0,1
4392,0,1
2226,0,1
5681,0,1
1435,0,3
5487,0,3
3953,0,2
5137,0,0
5648,0,1
877,0,1
5643,0,1
7477,0,1
3827,0,1
7239,0,1
6936,0,1
3759,0,3
7434,0,1
6068,0,1
3571,0,5
4545,0,2
767,0,1
1795,1,0
337,0,1
5793,0,1
7406,0,1
446,0,3
3748,0,1
4113,0,1
4387,0,2
3365,0,1
171,0,1
5114,1,4
4140,1,0
4252,0,2
6504,0,1
1923,0,1
126,0,1
4564,0,1
2891,0,1
1152,0,1
2545,0,1
1207,0,2
659,0,1
3473,1,0
5754,0,1
7401,1,4
29,0,1
846,0,1
2807,0,2
2434,0,1
6104,0,1
2868,0,1
6798,0,3
2716,0,1
6905,0,1
522,0,2
6409,1,0
7112,1,0
7637,0,3
3851,0,1
4426,0,1
4729,0,1
5156,0,1
4077,0,1
3180,0,2
3725,0,1
94,0,1
2504,0,2
2995,0,3
7585,0,1
7126,0,1
2897,0,1
2909,0,3
1400,0,1
3056,0,1
7219,0,3
5960,0,1
1017,0,1
6534,0,2
3346,0,2
149,0,1
4314,0,1
1181,0,1
3331,0,1
548,0,2
4479,0,1
5213,0,1
3555,0,1
2672,0,1
6796,2,0
4605,0,1
6850,0,1
6382,0,3
2622,0,1
1371,0,1
1832,0,1
6583,0,3
3451,0,1
145,0,2
5290,0,2
653,0,2
987,0,1
3067,0,2
6845,0,1
6682,0,2
2665,0,1
1617,0,1
3719,0,1
299,0,1
5724,0,1
7174,0,2
4272,0,1
762,0,3
4899,0,3
4839,0,1
4752,0,2
6667,0,1
3379,0,1
963,0,1
485,1,0
2230,0,1
4279,0,1
4112,1,0
1378,0,3
3516,0,1
1055,0,3
1343,0,1
4455,0,1
4698,0,2
6242,0,2
4716,0,2
6656,0,3
3102,0,2
2436,0,2
3800,0,2
2619,0,2
721,0,1
5132,1,0
2527,0,1
5362,0,1
5041,0,1
3013,0,2
3659,0,3
6772,0,1
2670,0,1
6778,0,1
3275,0,1
4652,0,1
5447,0,2
1768,0,3
4563,0,0
4771,0,1
4062,0,1
990,0,1
5101,0,2
1483,0,1
5140,0,1
5281,0,1
7522,0,2
25,0,1
17,0,2
6697,0,1
3123,0,2
5639,0,1
4889,0,2
7547,0,1
1361,0,1
1402,0,1
6931,0,1
5617,0,3
6683,0,2
6212,0,3
578,0,1
988,0,1
4816,0,1
3889,0,2
1705,0,1
1942,0,1
5429,0,1
19,0,2
5200,0,1
4463,0,1
4465,0,1
4551,0,1
2268,0,1
7511,0,1
2616,0,2
4420,0,1
2551,0,1
4211,0,2
2569,0,1
7635,0,2
5767,0,1
3158,0,1
7536,0,3
533,0,1
5062,1,0
672,0,1
3960,0,3
3193,0,1
6193,0,1
2944,0,1
7042,0,3
183,0,1
2275,0,2
6411,0,1
206,1,0
2549,0,1
6582,0,1
6719,0,3
2134,0,1
3574,0,1
3584,0,1
4045,0,1
2501,0,2
2185,0,1
7502,0,1
45,0,2
6157,0,2
1484,0,1
2782,0,1
7117,0,3
3420,0,1
4606,0,1
4824,0,1
6995,0,1
5027,0,1
202,0,1
505,0,1
6239,0,1
6315,0,1
5345,0,1
2784,0,1
6909,0,3
977,0,1
6236,0,1
5622,0,1
3255,0,3
7520,0,3
6118,0,1
7059,0,1
4145,1,0
6799,0,1
4289,0,2
5875,0,1
4746,0,2
829,0,1
4186,0,1
2969,0,1
4258,0,3
1445,0,2
3758,0,1
283,0,1
3416,0,1
5405,0,3
1293,0,2
6887,0,2
7531,0,2
2590,0,1
5059,0,2
1507,0,1
5454,0,1
3962,0,1
124,0,2
4377,0,3
4003,0,2
1936,0,1
5265,0,1
801,0,2
5251,0,2
4205,0,1
5701,0,1
4640,0,1
3520,0,1
7441,0,1
5705,0,1
4778,0,1
7490,0,2
6120,0,2
2281,0,1
5552,0,1
5308,0,3
6525,0,1
1604,0,1
6621,0,1
4701,0,1
6031,0,1
2609,0,3
2636,0,1
421,0,2
7367,0,2
1598,0,3
1134,0,2
1192,0,1
5675,1,0
7014,0,1
7366,0,1
5894,0,1
3716,0,1
1133,0,2
3048,0,1
7105,0,1
6325,0,1
4184,0,1
4016,0,1
4029,1,4
4787,1,4
6414,0,1
2997,0,1
2977,0,1
2202,0,3
4570,0,1
2752,0,1
2343,0,2
4722,0,1
393,0,3
233,0,3
184,0,2
7304,0,3
1062,0,2
4982,0,1
164,0,3
7310,0,2
4753,0,1
1126,0,1
5188,0,1
1153,0,1
5652,0,1
6274,0,1
2555,0,3
4612,0,1
4611,0,2
1360,0,1
6846,0,1
2415,0,1
3617,0,1
5020,0,1
3222,0,3
4762,0,3
4850,0,3
6033,0,2
5473,0,1
1023,0,3
6301,0,1
2122,0,1
4900,0,1
1880,0,2
4922,0,1
5951,0,1
5892,0,3
1142,0,1
6480,0,2
6542,0,1
3109,0,1
3178,0,1
6666,0,2
6500,0,2
764,0,2
740,0,1
5722,0,1
2604,0,1
269,0,3
7394,0,2
1061,0,1
6501,1,0
7578,0,1
3341,0,2
7104,0,1
1613,0,1
795,0,2
4999,0,2
6554,0,1
218,0,1
2927,1,0
2823,0,1
5414,0,1
7155,0,1
685,0,1
7090,0,3
7075,0,3
5745,1,0
732,0,1
10,0,2
3433,0,3
3570,0,2
4223,0,1
5518,0,1
5146,0,1
107,0,1
5476,0,1
1098,0,1
2789,0,1
1897,0,1
6735,0,1
754,0,1
4834,0,1
703,0,2
1928,0,1
5514,0,1
3053,0,2
1322,0,1
351,0,1
1431,0,1
6221,0,2
4663,0,2
4692,0,2
5037,0,2
2258,0,1
2025,0,2
3730,0,1
367,0,1
2113,0,2
1467,0,1
2563,0,3
4799,0,1
5538,0,1
5415,0,1
2992,0,1
6874,0,1
3563,0,1
2036,0,2
5723,0,1
98,0,2
1722,0,1
2248,0,3
3897,0,1
3836,0,3
5859,0,1
4173,0,2
921,0,2
2301,0,1
3372,0,3
1628,0,2
7198,0,2
115,0,1
2962,0,3
447,0,1
6545,0,2
792,0,1
1828,0,2
1902,0,2
2422,0,1
2650,0,1
4790,0,1
6858,0,1
7061,0,2
2720,0,3
7405,0,2
682,0,3
3906,0,3
5399,0,2
4636,0,2
7167,0,1
5249,0,1
2883,0,2
6707,0,1
2952,0,3
5503,0,2
179,0,1
3792,0,1
2534,0,1
7063,0,2
3274,0,2
6736,0,2
5054,0,3
7396,0,1
5303,0,1
3405,0,2
4895,0,2
5277,0,1
7321,0,2
2981,0,2
643,0,1
2075,0,3
1020,0,2
7642,0,1
6499,0,1
1512,0,1
7208,0,3
7571,0,1
4890,0,2
1125,0,1
1210,0,1
169,0,3
247,0,1
7371,0,1
7163,0,1
4993,0,1
5751,0,1
3283,0,2
1117,0,2
1391,0,2
882,0,3
7248,0,1
3413,0,1
1114,0,1
2764,0,1
323,0,1
4969,0,1
2629,0,1
6722,0,3
4626,0,1
5995,0,1
1658,0,1
6278,0,3
4869,0,3
5451,0,2
6759,0,2
6344,0,1
2597,0,3
894,0,1
3494,0,1
2050,0,2
174,0,1
2391,0,1
58,0,1
5264,0,1
5148,0,2
6990,0,1
3,0,2
6774,0,1
3310,0,2
6349,0,1
65,0,1
6643,0,1
4653,0,2
1266,0,1
5686,0,1
270,0,1
2735,0,2
1568,0,1
2553,0,2
3559,0,1
1068,0,1
5500,0,1
6523,0,1
2777,0,1
6836,0,1
5913,0,1
110,0,1
3462,0,2
3592,0,2
7377,0,2
5078,0,1
3294,0,2
6770,0,1
383,0,1
3573,0,1
2575,0,1
1237,0,2
4402,0,1
1146,0,1
4316,0,1
3412,0,2
3247,0,3
266,0,1
4134,0,1
1499,0,1
2514,0,1
3167,0,3
3954,0,1
2328,0,1
3741,0,1
2723,0,1
4350,0,2
6337,0,3
4635,0,1
389,0,1
5580,0,2
3428,0,1
7503,0,1
122,0,1
5245,0,1
7051,0,2
2930,0,1
5320,0,1
5052,0,2
1147,0,1
6837,0,1
6761,0,2
6738,0,1
6934,0,3
983,0,3
2634,0,3
3942,0,2
6571,0,2
6251,0,1
2936,0,2
3613,0,1
1681,0,1
445,0,1
7483,0,1
6978,0,1
4543,0,1
1046,0,2
6852,0,3
4765,0,3
2098,0,2
7448,0,2
3689,0,1
5659,0,2
6029,0,1
6352,0,3
975,0,1
1443,0,2
6926,0,2
4533,0,1
4827,0,1
7315,0,2
4371,0,1
2163,0,1
532,0,3
654,0,1
4284,0,2
4928,0,1
4549,0,1
5527,0,2
2051,0,3
219,0,1
5086,0,1
5509,0,2
1430,0,3
6540,0,1
1544,0,1
2116,0,2
2681,0,1
4975,0,3
5031,0,1
4996,0,1
1365,0,1
4677,0,1
4689,0,3
6318,0,3
5562,0,3
4234,0,1
7601,0,1
4126,0,2
4770,0,1
7457,0,5
6074,0,1
4643,0,2
4225,0,1
6919,0,1
907,0,2
2339,0,1
2332,0,3
690,0,2
2937,0,2
6374,0,3
6261,0,2
4373,0,1
1007,0,1
4911,0,1
263,0,1
3893,0,1
5986,0,2
6853,0,1
5133,0,2
6417,0,1
4925,0,1
2559,0,2
6056,0,1
7435,0,1
5322,0,2
5502,0,1
1455,0,2
1573,0,1
1694,0,1
7590,0,1
140,0,3
1981,0,2
820,0,2
4119,0,3
1180,0,1
5532,0,3
678,0,1
7496,0,2
5058,0,1
626,0,1
5638,0,1
3305,0,1
5459,0,2
2235,0,1
7577,0,1
5657,0,1
3295,0,2
1327,0,1
2692,0,1
5717,0,2
3852,0,1
4733,0,2
391,1,0
5336,0,3
7096,0,1
6535,0,2
1963,0,2
5061,0,2
4501,0,1
1018,0,2
3692,0,2
3885,0,2
5810,0,2
749,0,2
669,0,3
6007,0,1
3050,0,1
6260,0,1
1591,0,2
6748,0,1
6777,0,2
6445,1,0
2,0,2
3666,0,1
7009,0,1
232,0,1
5239,0,1
2364,0,1
7369,0,2
5669,0,1
6804,0,3
6166,0,2
4237,0,1
6078,0,1
725,0,1
5418,0,3
2869,0,1
1667,0,1
5581,0,3
3628,0,1
1640,0,3
593,0,3
3911,0,1
1680,0,2
5109,0,2
5583,0,2
6530,0,2
167,0,2
7604,0,2
1856,0,1
3869,0,2
543,0,1
4995,0,1
4540,0,2
4305,0,1
6255,0,1
5185,0,2
5195,0,2
4572,0,2
2333,0,2
5655,0,1
4433,0,1
2237,0,1
7151,0,1
1233,0,2
4797,0,1
1577,0,1
7199,0,1
4192,0,2
4784,0,1
1506,0,2
3450,0,3
1932,0,3
481,0,2
5238,0,1
5121,0,1
7324,0,1
4093,0,2
5093,0,1
2402,0,1
5808,0,1
2706,0,1
4096,0,3
3513,0,1
2004,0,2
2974,0,2
756,0,3
4497,0,1
4095,0,1
7575,0,1
7054,0,2
3663,0,1
3421,0,2
671,0,3
1141,0,1
2772,0,3
5936,0,1
3010,0,3
470,0,1
6908,0,3
3783,0,1
821,0,3
7379,0,2
2971,0,2
228,0,1
2091,0,2
3532,0,1
7616,0,3
1789,0,2
724,0,2
6175,0,1
100,0,3
80,0,3
3860,0,2
3951,0,1
2552,0,2
113,0,2
5689,0,2
6185,0,2
7429,0,1
7055,0,1
4648,0,2
2354,0,2
2759,0,1
5187,0,2
3144,0,1
7461,0,1
3195,0,1
1696,0,3
955,0,1
7303,0,3
342,0,2
4848,0,2
3644,0,1
4338,0,2
806,0,2
2989,0,3
3046,0,2
4471,0,2
2985,0,2
276,0,1
3807,0,2
1088,0,1
3040,0,2
585,0,1
3938,0,1
6830,0,2
7037,0,2
2702,0,2
807,0,1
4020,0,1
7028,0,1
1314,0,5
7558,0,2
650,0,1
5346,0,5
2627,0,3
2967,0,1
1905,0,1
3017,0,2
2560,0,2
3246,0,2
2683,0,1
3426,0,2
726,0,1
4230,0,1
146,0,1
46,0,2
5728,0,1
6191,0,2
4748,0,2
5734,0,2
3579,0,1
476,0,1
4146,0,1
4904,0,1
5315,0,2
7294,0,3
794,0,2
2133,0,3
127,0,1
3552,0,1
859,0,1
443,0,1
6032,0,1
4287,0,2
3445,0,2
7518,0,1
1855,0,1
462,0,2
2127,0,3
7095,0,2
6119,0,1
3157,0,3
6992,0,1
4906,0,3
1738,0,3
2568,0,2
5306,0,1
600,0,2
1077,0,1
4726,0,3
6751,1,0
844,0,1
2107,0,1
788,0,1
6059,0,2
6368,0,2
1924,1,0
7135,0,1
1907,0,2
3515,0,2
345,0,1
2399,0,2
2739,0,1
3224,0,1
3458,0,1
5276,0,1
834,0,1
5475,0,1
6727,0,1
886,0,3
4144,0,2
5825,0,2
3464,0,2
6955,0,1
4484,0,2
3106,0,2
2603,0,1
3764,0,3
48,0,1
2917,0,2
6847,0,1
7591,0,1
260,0,2
5948,0,2
1663,0,2
6654,0,1
6116,0,2
1838,0,3
5906,0,3
4012,0,1
3907,0,3
2695,0,2
2342,0,3
4569,0,1
7256,0,2
231,0,3
1858,0,2
7240,0,1
2748,1,4
647,0,1
423,0,2
5106,0,2
4703,0,1
4174,0,1
1616,0,1
1109,0,1
2326,0,1
3768,0,2
304,0,2
5182,0,1
519,0,1
2693,0,2
5463,0,1
5222,0,1
4965,0,2
1748,0,3
3849,0,2
6645,0,2
6725,0,1
1934,0,2
240,0,2
2790,0,1
1647,0,2
6900,0,1
3071,0,1
845,0,3
1273,0,1
4856,0,2
161,0,1
7046,0,2
916,0,2
6857,0,2
3882,0,2
4224,0,2
4143,0,2
3995,0,1
741,0,2
1298,0,1
5461,0,1
7244,0,1
4474,0,1
552,1,4
4600,0,1
2913,0,2
5170,0,3
4806,0,1
3928,0,2
7318,0,2
3886,0,2
4791,0,2
1174,0,2
3630,0,2
3674,0,1
6864,0,2
2020,0,2
2485,0,2
493,0,1
6608,0,2
3997,0,1
2187,0,1
7530,0,1
5824,0,2
6259,0,2
1373,0,3
7632,0,1
4191,0,3
4334,0,2
1608,0,3
5153,0,2
5042,0,2
2428,0,1
256,0,2
369,0,1
6235,0,2
3548,0,2
3112,0,3
465,0,1
7078,0,2
6188,0,1
5371,0,2
5807,0,3
2858,0,2
3344,0,2
2211,0,2
1637,0,1
5110,0,1
2600,0,2
4308,0,2
5899,0,2
5886,0,2
6196,0,3
6902,0,3
799,0,1
1955,0,1
932,0,1
4766,0,2
7508,0,2
7098,0,2
2915,0,1
3170,0,2
3850,0,2
6863,0,2
961,0,1
6941,0,2
3038,0,3
6550,0,1
4452,0,2
1893,0,2
3203,0,2
6406,0,1
1671,0,1
2819,0,2
7439,0,2
7440,0,1
3507,0,2
1490,0,3
923,0,1
5334,0,1
5874,0,3
3003,0,3
5280,0,3
1509,0,1
5262,0,1
399,0,1
542,0,2
7480,0,2
132,0,1
5594,0,2
1729,0,3
6785,0,2
2453,0,1
776,0,1
1278,0,1
577,0,1
1003,0,1
787,0,1
3373,0,1
7150,0,1
6006,0,1
5076,0,2
3240,0,1
6823,0,2
7464,0,1
7488,0,3
645,0,2
1033,0,2
5915,0,1
7068,0,2
3878,0,2
7500,0,1
3865,0,2
2410,0,2
5941,0,1
4968,0,2
6641,0,2
489,0,1
1989,0,1
6953,0,1
3243,0,1
5005,0,1
6964,0,2
7355,0,1
701,0,1
1903,0,1
5798,0,2
2394,0,1
3179,0,1
5019,0,1
1816,0,2
902,0,2
4669,0,2
2184,0,2
847,0,1
953,0,2
2653,0,3
580,0,1
4182,0,1
3757,0,2
2832,0,1
2398,0,1
6043,0,2
7588,0,1
2395,0,1
540,0,2
4893,0,2
4508,0,2
3731,0,5
958,0,1
3269,0,1
515,0,1
6835,0,3
7010,0,1
3466,0,2
2771,0,1
4623,0,3
2475,0,1
5954,0,3
2613,0,1
842,0,1
5955,0,2
6442,0,1
3499,0,1
3122,0,1
905,0,2
1119,0,1
777,0,1
928,0,1
4251,0,2
3737,0,1
7552,0,1
2487,0,1
1288,0,1
3024,0,2
6046,0,2
6330,0,3
7515,0,2
6080,0,1
5300,0,2
6921,0,2
26,0,2
5203,0,1
7217,0,1
7507,0,1
744,0,2
6861,0,2
3278,0,1
4637,0,1
2311,0,2
6363,0,2
3794,0,2
3890,0,1
827,0,1
3690,0,3
4918,0,1
6328,0,1
1366,0,2
3439,0,1
7352,0,1
487,0,1
704,0,1
280,0,1
3705,0,2
6935,0,2
1931,0,1
7445,0,2
6313,0,1
1043,0,1
3610,0,1
6296,0,2
5525,0,2
6979,0,2
4860,0,3
6151,0,3
4587,0,1
3527,0,1
5089,0,1
4725,0,2
458,0,2
6213,0,2
1105,0,2
4432,0,1
5402,0,2
7521,0,2
2420,0,2
2457,0,3
305,0,1
5827,0,1
7332,0,3
5143,0,1
5834,0,2
3700,0,2
5529,0,2
1246,0,2
1621,0,2
2479,0,2
1199,0,1
5766,0,2
3124,0,1
872,0,1
4099,0,1
252,0,1
711,0,1
2100,0,3
4619,0,2
7012,0,1
4100,0,2
6860,0,3
6483,0,2
4913,0,1
5361,0,2
1277,0,2
5363,0,2
74,0,1
4005,0,3
4571,0,3
6793,0,1
6768,0,2
6013,0,1
6968,0,2
7562,0,1
1215,0,1
5180,0,2
5880,0,2
3232,0,1
6128,0,2
155,0,2
6345,0,2
2682,0,1
4431,0,1
2217,0,1
4498,0,2
5465,0,1
3000,0,2
2462,0,2
6491,0,2
1395,0,2
2582,0,2
3560,0,1
7607,0,3
3519,0,2
5377,0,2
6882,0,3
4438,0,2
7543,0,2
5896,0,1
5661,0,1
6960,0,1
6277,0,1
3904,0,1
191,0,2
3403,0,2
2841,0,3
1064,0,2
5391,0,1
2638,0,1
4300,0,0
2550,0,1
5030,0,1
6324,0,3
1219,0,1
6073,0,2
658,0,2
4745,0,2
15,0,1
1349,0,1
2905,0,2
1342,0,3
6475,0,2
2566,0,1
700,0,1
5291,0,2
1341,0,3
5484,0,2
934,0,3
2416,0,3
2843,0,2
6631,0,2
6795,0,3
2724,0,1
1630,0,2
2827,0,1
4309,0,1
4436,0,1
2946,0,2
1243,0,1
2497,0,2
7342,0,1
5297,0,2
1348,0,1
4883,0,2
1404,0,2
6428,0,1
2143,0,2
3036,0,2
7412,0,1
6627,0,1
4080,0,2
3533,0,1
6881,0,2
390,0,2
2114,0,1
1614,0,3
862,0,2
3301,0,1
6811,0,1
2799,0,2
7605,0,1
3239,0,1
4014,0,1
3662,0,1
3152,0,1
3829,0,1
7517,0,2
4616,0,1
2334,0,1
3504,0,2
7473,0,2
1224,0,2
3913,0,3
7002,1,5
3816,0,1
4021,0,1
2340,0,1
5192,0,2
7544,0,2
1258,0,1
501,0,1
4747,0,1
2862,0,2
2801,0,2
913,0,1
1703,0,2
1693,0,2
5632,0,1
4153,0,1
2299,0,1
6101,0,2
4552,0,1
2727,0,2
5566,0,3
2296,0,2
5400,0,1
5814,0,3
978,0,3
4823,0,2
1850,0,2
1569,0,2
3277,0,1
982,0,1
1239,0,3
7419,0,1
2046,0,2
5092,0,2
6194,0,1
6053,0,2
3631,0,2
6711,0,2
7233,0,1
5693,0,2
714,0,3
3419,0,3
6005,0,3
800,0,2
1085,0,1
4323,0,1
6,0,2
4273,0,3
1520,0,1
3309,0,1
5267,0,1
3586,0,3
759,0,1
7120,0,1
509,0,2
5642,0,1
5286,0,2
2289,0,2
4924,0,2
5507,0,3
1306,0,1
6803,0,3
3198,0,2
7262,0,1
2895,0,1
1390,0,1
7231,0,1
5952,0,1
2887,0,1
938,0,3
4526,0,3
5481,0,2
5354,0,2
142,0,1
6420,0,1
3375,0,2
1827,0,1
6743,0,2
2348,0,1
440,0,2
4456,0,2
4868,0,1
439,0,2
3121,0,1
5860,0,1
1083,0,2
2200,0,3
4450,0,2
1318,0,2
4336,0,1
6063,0,1
4496,0,2
3656,0,1
6802,0,1
1317,0,2
6618,0,2
3863,0,1
1969,0,2
535,0,3
4090,0,2
4876,0,2
4407,0,3
1649,0,1
2844,0,2
4267,0,1
7456,0,2
5228,0,2
6967,0,3
4010,0,2
2512,0,1
4360,0,2
6834,0,2
1477,0,2
771,0,1
6765,1,0
3697,0,2
6708,0,2
3479,0,2
4019,0,2
6952,0,2
511,0,2
5555,0,2
6299,0,2
3895,0,3
3119,0,3
7139,0,1
6513,0,1
5844,0,1
4714,0,1
7197,0,1
7546,0,2
1831,0,2
4800,0,2
5676,0,2
1223,0,3
7437,0,2
2323,0,1
2092,0,1
99,0,1
1780,0,2
1960,0,1
6302,0,1
7376,0,3
2726,0,2
6404,0,2
3720,0,1
4313,0,3
879,0,1
309,0,3
225,0,1
4658,0,1
4135,0,1
1268,0,3
5779,0,2
1049,0,1
494,0,5
2660,0,3
2039,0,2
3770,0,1
6152,0,3
85,0,1
7176,0,2
2300,0,3
3937,0,2
2352,0,2
1005,0,2
119,0,1
5959,0,1
1029,0,2
3401,0,1
6526,0,1
2986,0,2
1165,0,2
5736,0,1
362,0,1
4480,0,1
6384,0,2
6620,0,1
2907,0,3
6848,0,1
5467,0,2
2315,0,1
1344,0,2
2219,0,1
2285,0,2
1547,0,2
1433,0,2
3638,0,2
4346,0,2
5682,0,2
5710,0,3
1082,0,1
1112,0,2
7072,0,2
4388,0,1
7540,0,2
355,0,2
7353,0,2
956,0,1
3366,0,1
3943,0,1
3859,0,1
2072,0,1
1751,0,3
1652,0,2
6821,0,1
1272,0,1
2140,0,2
72,0,2
621,0,1
6018,0,2
2182,0,1
784,0,2
2006,0,1
2518,0,1
2283,0,2
4168,0,1
1204,0,2
6395,0,1
4328,0,2
6959,0,1
1420,0,1
900,0,1
5593,0,2
3825,0,2
2804,0,1
3712,0,1
6660,0,2
4476,0,2
1364,0,2
3621,0,1
5215,0,2
428,0,1
2878,0,1
2617,0,1
4513,0,2
5298,0,1
1459,0,2
3645,0,3
3404,0,2
328,0,1
2821,0,1
4086,0,2
1707,0,2
434,0,2
7001,0,2
7442,0,2
7276,0,2
4622,0,2
5445,0,2
5709,0,1
375,0,2
96,0,1
7358,0,2
1231,0,2
638,0,3
4091,0,1
2729,1,0
4301,0,2
3074,0,1
4833,0,1
6723,0,2
7452,0,1
856,0,2
6868,0,2
1756,0,2
5024,0,1
930,0,1
889,0,1
2003,0,1
3819,0,1
4991,0,1
249,0,1
3089,0,1
3155,0,1
1493,0,1
2261,0,1
3930,0,1
5863,0,2
1888,0,2
1389,0,1
4709,0,1
2742,0,1
6543,0,2
7159,0,1
1130,0,1
4710,0,1
4553,0,1
4986,0,1
1388,0,1
4053,0,1
2657,0,2
2477,0,1
2319,0,1
5591,0,1
1066,0,2
5637,0,1
2556,0,1
7633,0,1
5375,0,1
2943,0,1
7624,0,1
4909,0,1
7595,0,1
125,0,1
1699,0,1
2945,0,1
4723,0,1
1767,0,1
1346,0,1
4246,0,1
6742,0,1
1387,0,1
6639,0,1
286,0,3
6517,0,1
7357,0,1
1590,0,1
1120,0,1
2536,0,1
3920,0,1
5609,0,1
7581,0,1
388,0,1
3272,0,1
7021,0,1
1037,0,1
3484,0,1
7298,0,1
213,0,1
3932,0,1
5227,0,1
536,0,1
7056,0,2
1042,0,1
683,0,1
7493,0,2
5688,0,3
6441,0,1
4760,0,1
696,0,1
3059,0,1
148,0,3
111,0,1
6289,0,1
7201,0,1
1336,0,1
6460,0,1
6744,0,1
1403,0,1
28,0,2
1898,0,1
4227,0,1
64,0,1
6895,0,1
1904,0,1
358,0,1
5645,0,1
4167,0,1
1454,0,1
4057,0,3
4310,0,1
6605,0,1
1589,0,1
3327,0,1
4442,0,1
1882,0,1
6492,0,1
1868,0,2
1521,0,1
5087,0,1
6637,0,1
2765,0,1
151,0,1
5535,0,1
4580,0,2
1901,0,1
2842,0,1
6635,0,1
1057,0,1
1620,0,1
6485,0,1
6025,0,2
737,0,1
7311,0,1
6107,0,1
4333,0,1
640,0,1
2131,0,1
6558,0,1
3430,0,1
5074,0,3
3812,0,1
7609,0,1
49,0,1
2396,0,1
2476,0,3
3927,0,2
2633,0,3
1254,0,2
7560,0,1
1030,0,1
3214,0,1
4750,0,1
4874,0,1
3618,0,1
3367,0,1
3632,0,1
6894,0,1
3371,0,2
3140,0,3
4253,0,1
2857,0,2
1369,0,1
1859,0,2
7067,0,3
7360,0,1
6463,0,1
6766,0,1
5644,0,1
3815,0,1
7049,0,2
130,0,1
7468,0,1
2840,0,1
7569,0,1
6338,0,2
2557,0,1
2700,0,1
3606,0,1
1032,0,1
1803,0,1
4574,0,1
2599,0,1
4032,0,1
3172,0,1
5712,0,2
5408,0,2
1993,0,1
4678,0,2
6321,0,1
466,0,2
5696,1,0
1004,0,1
5075,0,2
6916,0,1
3104,0,2
662,0,1
3698,0,1
1144,0,1
1947,0,2
3249,0,1
967,0,1
1895,0,1
2948,0,1
3590,0,1
7210,0,1
4537,0,1
7205,0,1
1084,0,1
4303,0,2
5832,0,1
1075,0,1
999,0,1
6607,0,2
1407,0,1
634,0,1
2728,0,1
5369,0,1
320,0,3
4966,0,1
6812,0,2
5266,0,3
2393,0,1
7290,0,2
4015,0,1
3601,0,1
5248,0,1
7222,0,1
4907,0,1
2589,0,1
5557,0,2
644,0,1
1720,0,1
3173,0,1
1575,0,1
200,0,1
3218,0,3
1486,0,1
3201,0,2
2207,0,1
4241,0,1
6187,0,2
630,0,1
5176,0,1
4048,0,1
5850,0,3
296,0,3
2767,0,1
483,0,1
1044,0,1
503,0,1
2620,0,1
4773,0,1
1302,0,1
6473,0,1
1687,0,1
2362,0,1
6087,0,3
628,0,2
6516,0,3
4628,0,1
3326,0,1
6528,0,1
2775,0,1
5884,0,1
1103,0,1
4942,0,2
6885,0,1
5700,0,1
4393,0,1
1938,0,2
5623,0,1
3710,0,1
6400,0,1
2407,0,1
7525,0,1
5217,0,2
1311,0,1
6580,0,3
4322,0,1
1197,0,1
7643,0,3
109,0,1
3604,0,1
5687,0,1
1412,0,1
2279,0,2
4413,0,1
6023,0,3
2643,0,1
3629,0,3
6490,0,1
6241,0,1
7209,0,1
4583,0,2
3694,0,2
1166,0,1
5199,0,1
1095,0,2
3176,0,1
4935,0,2
5138,0,1
4156,0,2
3397,0,3
5966,0,1
5650,0,1
2718,0,2
1282,0,1
2280,0,2
1812,0,1
5715,0,1
1245,0,1
4446,0,2
3456,0,1
1811,0,1
4307,0,1
1171,0,3
5564,0,2
1009,0,2
4593,0,3
4083,0,1
6262,0,1
3189,0,1
5679,0,2
1500,0,2
1185,0,3
5070,0,2
5589,0,1
444,0,3
6982,0,1
382,0,1
4948,0,1
7587,0,2
4044,0,1
6167,0,1
6678,0,2
5739,0,2
3213,0,1
5664,0,3
5230,0,1
4076,0,1
6883,0,1
4141,0,1
4330,0,1
6827,0,1
3470,0,1
6814,0,3
763,0,1
3540,0,1
2482,0,1
1894,0,2
2758,0,2
6282,0,1
7608,0,1
5241,0,1
812,0,1
5621,0,1
1952,0,3
6112,0,1
41,0,1
1286,0,2
6745,0,1
6561,0,3
6599,0,1
3161,0,2
4715,0,1
4954,0,1
5945,0,1
7279,0,1
1444,0,1
406,0,1
4231,0,1
2128,0,1
2817,0,3
6665,0,3
5127,0,1
4473,0,1
6217,0,3
6225,0,1
4837,0,1
4524,1,0
4098,0,1
198,0,3
1530,0,1
1866,0,1
1546,0,1
1639,0,2
992,0,2
2760,0,1
6469,0,1
6017,0,3
2245,0,3
397,0,1
1315,0,3
2197,0,1
4233,0,2
1927,0,1
7545,0,1
2103,0,3
1745,0,2
5099,0,2
5862,0,1
517,0,3
5753,0,1
499,0,1
495,0,1
5381,0,2
5592,0,1
4297,0,3
3844,0,1
753,0,1
290,0,1
2222,0,2
7467,0,1
310,0,1
876,0,2
2544,0,2
7025,0,1
2979,0,3
3386,0,1
7107,0,2
4467,0,1
3828,0,3
2830,0,1
874,0,3
793,0,1
6462,0,2
3975,0,5
5928,0,3
2687,0,2
2120,0,1
5756,0,2
3673,0,1
7225,0,2
4651,0,2
7566,0,3
6153,0,1
6709,0,1
6703,0,1
1523,0,1
1982,0,3
5794,0,2
6320,0,3
7207,0,2
1186,0,2
670,0,1
1076,0,2
5742,0,2
3129,0,2
1565,0,1
4599,0,1
5929,0,2
5323,0,2
366,0,1
5505,0,1
5546,0,1
27,0,2
976,0,2
7247,0,1
2526,0,3
4842,0,1
6659,0,2
1822,0,3
901,0,2
2234,0,1
1087,0,1
1586,0,2
7347,0,1
2511,0,1
2980,0,1
4832,0,1
6010,0,3
1966,0,2
4646,0,2
6461,0,3
2024,0,2
168,0,1
2529,0,1
1873,0,1
5501,0,1
680,0,1
3095,0,2
7212,0,2
4321,0,1
1040,0,1
6767,0,1
3988,0,3
521,0,2
2920,0,1
2587,0,1
4185,0,2
5449,0,1
172,0,1
5974,0,2
1086,0,1
3005,0,1
5493,0,1
1526,0,2
5453,0,3
7603,0,2
1399,1,0
284,0,3
6923,0,2
7273,0,1
4082,0,1
4608,0,1
5815,0,1
1605,0,1
3576,0,3
2421,0,1
513,0,1
2166,0,1
5629,0,2
2125,0,1
5672,1,4
5813,0,2
6269,0,2
7623,0,3
3394,0,2
2325,0,2
6987,1,0
6089,0,1
5004,0,2
5208,0,1
7459,0,2
1877,0,2
7411,0,1
300,0,1
4298,0,1
2056,0,1
1398,0,2
6787,0,2
7398,0,1
1564,0,1
6970,0,2
1212,0,1
1996,0,3
5225,0,1
1921,0,2
5848,0,1
5456,0,1
4502,0,2
1788,0,1
6623,0,1
2478,0,1
6983,0,1
4427,0,1
4213,0,1
5003,0,1
7427,0,1
1836,0,1
2876,0,3
5908,0,1
5515,0,2
805,0,1
7447,0,3
4127,0,1
962,0,1
6307,0,1
2045,0,1
448,0,2
3031,0,3
307,0,1
1173,0,1
3336,0,1
3402,0,1
7280,0,1
7387,0,1
4004,0,2
5748,0,2
6343,0,1
6747,0,1
1107,0,1
5856,0,1
5344,0,2
1809,0,1
849,0,2
3321,0,1
2625,0,2
2013,0,2
1376,0,1
3556,0,2
4711,0,1
5603,0,3
3784,0,2
387,0,2
7428,0,2
7327,0,1
3765,0,3
2335,0,1
3225,0,1
75,0,1
3832,0,2
7622,0,2
2138,0,1
1096,0,2
1657,0,2
5349,0,1
5045,0,2
187,0,1
479,0,1
7024,0,3
261,0,1
1170,0,2
7634,0,2
5616,0,3
909,0,1
2686,0,1
3871,0,2
1279,0,1
970,0,1
3425,0,1
7170,0,1
106,0,2
2678,0,2
1784,0,2
2940,0,1
7034,0,2
4357,0,2
347,0,2
224,0,1
870,0,1
4128,0,3
743,0,2
3896,0,1
6769,0,3
4546,0,1
1291,0,2
5448,0,2
3465,0,1
5079,0,3
556,0,1
5699,0,3
7527,0,1
1535,0,2
7317,0,1
2220,0,5
5160,0,1
3490,0,3
120,0,2
6130,0,2
6495,0,1
7615,0,1
2366,0,3
6182,0,1
3973,0,1
2165,0,2
4697,0,3
4950,0,1
371,0,1
2307,0,1
1702,0,2
6717,0,2
1502,0,2
3901,0,2
4699,0,1
2679,0,3
875,0,2
1994,0,3
5714,0,2
6801,0,1
3968,0,1
6156,0,2
7322,0,2
5771,0,3
316,0,3
3062,0,1
7015,0,1
5107,0,1
3969,0,2
401,0,1
3925,0,2
158,0,1
4203,0,2
1688,0,1
6910,0,2
6472,0,3
7070,0,3
4414,0,1
5792,0,1
5587,0,2
7489,0,3
7576,0,1
54,0,2
7242,0,1
6146,0,1
7328,0,1
6756,0,1
5595,0,1
1926,0,1
7596,0,1
2562,0,3
7048,0,3
3838,0,2
1735,0,1
34,0,3
6279,0,2
5946,0,3
941,0,2
1710,0,1
2906,0,3
6575,0,1
1225,0,3
906,0,2
7368,0,3
116,0,3
7079,0,1
860,0,1
141,0,1
2443,0,1
6694,0,1
7474,0,3
4161,0,2
1600,0,3
4632,0,3
1951,0,1
4649,0,3
520,0,2
693,0,1
4270,0,3
2341,0,2
4491,0,1
2387,0,1
5288,0,2
2691,0,2
1968,0,1
890,0,1
82,0,1
3952,0,2
1655,0,1
4814,0,1
6614,0,1
1115,0,3
6390,0,2
4345,0,2
5997,0,2
3681,0,2
917,0,3
3872,0,3
5433,0,1
6903,0,2
1065,0,2
3762,0,2
5934,0,1
3081,0,1
5424,0,1
4410,0,1
1127,0,2
3315,0,2
7330,0,3
692,0,2
6209,0,1
745,0,2
7143,0,2
6218,0,2
5667,0,1
1319,0,3
3199,0,3
4988,0,2
3648,0,1
1466,0,2
7392,0,1
153,0,2
7550,0,3
1829,0,2
3881,0,2
4971,0,1
7181,0,1
4293,0,1
1280,0,2
1031,0,2
623,0,3
4852,0,2
3984,0,3
5983,0,3
1536,0,1
4712,0,1
1250,0,1
7062,0,3
7594,0,1
5364,0,1
3857,0,2
2498,0,1
2714,0,1
254,0,1
4780,0,2
1950,0,1
6559,0,2
2304,0,2
6407,0,2
7259,0,1
2259,0,3
3382,0,1
5937,0,1
4810,0,3
5205,0,1
2378,0,2
1265,0,3
5613,0,1
5903,0,1
735,0,2
4275,0,1
1919,0,2
782,0,1
1985,0,1
2180,0,1
1704,0,1
2877,0,2
6177,0,1
177,0,2
6373,0,2
5103,0,1
5851,0,2
43,0,1
5485,0,2
772,0,2
5579,0,1
2766,0,1
1396,0,2
1597,0,3
2489,0,1
7339,0,2
1154,0,1
1405,0,1
2901,0,2
248,0,1
2179,0,1
5573,0,2
4142,0,2
2129,0,2
7265,0,1
2105,0,2
3868,0,1
5468,0,2
789,0,1
1582,0,1
954,0,3
3411,0,3
1624,0,3
475,0,1
5658,0,1
4961,0,1
1294,0,1
3137,0,1
6038,0,2
2086,0,1
1160,0,1
1248,0,2
3324,0,1
1051,0,1
2424,0,1
460,0,1
3723,0,2
4662,0,3
6216,0,2
7216,0,1
6963,0,2
6422,0,3
4000,0,1
2433,0,1
3814,0,1
180,0,2
2585,0,1
5403,0,3
4107,0,3
6134,0,2
5787,0,1
2851,0,1
1758,0,2
2124,0,1
3116,0,2
6060,0,3
5749,0,1
1481,0,1
4548,0,3
4590,0,3
1974,0,1
7557,0,3
6380,0,2
7099,0,2
5033,0,2
635,0,2
6418,0,1
95,0,2
5425,0,3
6843,0,1
2886,0,2
7169,0,2
4585,0,3
5889,0,2
1673,0,2
356,0,1
1358,0,3
6538,0,2
6396,0,1
4176,0,1
1515,0,3
518,0,3
3349,0,2
1550,0,3
3135,0,1
2848,0,1
555,0,1
1896,0,2
3660,0,2
755,0,3
2189,0,2
4529,0,2
526,0,1
193,0,1
6127,0,1
5370,0,1
6412,0,2
1296,0,3
2649,0,1
2839,0,2
7123,0,2
2491,0,2
4151,0,1
5614,0,1
2195,0,2
6309,0,1
1331,0,0
53,0,1
6973,1,0
1908,0,1
275,0,1
5384,0,2
1352,0,1
6486,0,2
3711,0,3
5702,0,0
6786,0,1
6966,0,2
5847,0,1
6197,0,1
2265,0,2
6840,0,3
2271,0,1
1730,0,2
1367,0,2
2788,0,3
4688,0,2
5940,0,2
159,0,3
1887,0,1
5999,0,1
2611,0,1
2160,0,2
2893,0,3
112,0,1
790,0,3
5477,0,2
3014,0,2
4713,0,1
2139,0,2
4523,0,1
104,0,2
1733,0,3
1846,0,2
2171,0,1
6471,0,2
639,0,3
5401,0,2
7397,0,1
6172,0,1
7568,0,2
4813,0,3
3834,0,1
498,0,2
7241,0,2
2445,0,2
7178,0,3
1429,0,1
3418,0,2
315,0,1
50,0,3
5494,0,2
1164,0,1
5257,0,2
2194,0,3
165,0,2
364,0,1
591,0,3
7313,0,2
2212,0,2
929,0,2
4544,0,3
6004,0,3
2272,0,2
3805,0,1
4863,0,1
4488,0,1
6691,0,3
348,0,2
5920,0,1
6455,0,1
4492,0,2
4621,0,1
7561,0,1
6619,1,0
6016,0,2
7115,0,2
5942,0,1
288,0,2
2595,0,1
317,0,2
2685,0,1
899,0,2
6211,0,3
1833,0,2
5436,0,3
5356,0,2
6037,0,1
4302,0,2
537,0,3
6064,0,2
6788,0,1
5762,0,2
6181,0,3
5084,0,2
4631,0,2
1776,0,1
7230,0,1
2290,0,1
7141,0,2
1292,0,1
3899,0,2
1752,0,2
1522,1,0
6198,0,1
4276,0,2
2762,0,1
1038,0,1
4175,0,1
5852,0,1
2495,0,2
258,0,1
904,0,2
7148,0,3
5235,0,1
3958,0,2
3362,0,2
4312,0,2
559,0,2
2713,1,0
433,0,1
4505,0,1
6839,0,1
5901,0,3
2924,0,2
2082,0,1
6413,0,1
5231,0,2
1196,0,2
267,0,2
2866,0,2
2355,0,2
259,0,1
4579,0,1
7630,0,2
1999,0,2
5711,0,5
2607,0,1
3027,0,1
649,0,2
6695,0,2
1525,0,2
2533,0,1
6563,0,5
7164,0,1
3914,0,2
4261,0,2
544,0,2
6066,0,3
6158,0,2
212,0,1
4064,0,1
1542,0,3
3736,0,2
136,0,2
1329,0,1
4022,0,2
2522,0,1
648,0,1
6962,0,2
6132,0,2
3480,0,2
1875,0,3
239,0,2
3058,0,2
3022,0,2
4558,0,2
4983,0,3
5732,0,3
2957,0,3
2112,0,1
6379,0,1
1518,0,3
2022,0,1
208,0,1
4694,0,1
5158,0,2
6115,0,1
760,0,2
6773,0,3
3396,0,1
5970,0,1
3287,0,2
102,0,2
6944,0,2
1060,0,1
7211,0,3
4721,0,2
6714,0,1
234,0,2
6106,0,1
6701,0,1
5000,0,2
3483,0,1
7284,0,3
2418,0,2
4483,0,5
3594,0,1
4030,0,2
1537,0,3
1742,0,2
4561,0,2
4613,0,2
454,0,2
7499,0,2
2796,0,1
5713,0,2
3435,0,2
710,0,2
1249,0,2
6831,0,2
661,0,2
7631,0,1
4609,0,1
251,0,2
2581,0,2
3363,0,1
816,0,2
3244,0,1
1235,0,1
512,0,1
2392,0,1
1238,0,1
241,0,2
839,0,1
3389,0,2
3965,0,1
6228,0,1
3219,0,2
4304,0,1
1328,0,2
6976,0,1
194,0,2
5420,0,3
6782,0,1
2717,0,2
2486,0,2
484,1,0
7451,0,2
1151,0,1
1646,0,1
835,0,3
2824,0,3
2278,0,2
3824,0,2
216,0,3
7088,0,1
991,0,2
6508,0,1
6361,0,3
1131,0,1
1374,0,2
5819,0,2
5351,0,2
7487,0,1
5755,0,3
3964,0,1
6869,0,2
6391,0,3
175,0,1
7416,0,2
843,0,3
5873,0,3
965,0,3
7228,0,2
1957,0,3
6757,0,2
2916,0,2
4071,0,2
2818,0,2
850,0,1
5012,0,2
203,0,2
3127,0,1
2659,0,1
3252,0,1
3423,0,2
1863,0,2
1552,0,2
624,0,2
6254,0,1
33,0,1
6358,0,3
5876,0,1
5301,0,2
1304,0,3
1012,0,2
7505,0,1
5268,0,2
220,0,3
2896,0,2
190,0,2
2021,0,1
4418,0,3
2065,0,2
2654,0,2
3281,0,2
1172,0,3
631,0,1
708,0,1
181,0,2
677,0,2
2572,0,2
1047,0,2
1716,0,1
3143,0,2
2060,0,2
969,0,3
1485,0,2
4036,0,2
6592,0,2
1581,0,2
4872,0,1
6071,0,1
1383,0,2
730,0,2
933,0,2
3300,0,2
5777,0,1
5534,0,2
3442,0,1
1596,0,2
1953,0,2
4383,0,2
1585,0,2
1071,0,2
2314,0,3
1967,0,1
7621,0,1
3437,0,2
2918,0,2
2631,0,2
3875,0,2
3811,0,2
5977,0,2
6100,0,2
1997,0,3
1643,0,3
3609,0,1
6021,0,1
609,0,1
2540,0,2
73,0,1
2852,0,2
747,0,3
2956,0,2
4111,0,2
5312,0,2
4329,0,2
6940,0,1
2158,0,3
607,0,2
7433,0,2
477,0,2
3549,0,2
4639,0,1
68,0,1
3273,0,1
1432,0,3
681,0,2
101,0,2
4244,0,2
321,1,0
4979,0,1
1000,0,1
5935,0,1
1983,0,2
4851,0,1
55,0,3
6616,0,2
1860,0,2
6355,0,2
817,0,2
318,0,2
3508,0,2
1929,0,2
7612,0,1
891,0,2
4809,0,2
2972,0,2
335,0,2
4720,0,3
6506,0,1
4739,0,1
3446,0,1
3236,1,0
1576,0,1
1940,0,1
7234,0,1
424,0,2
7510,0,3
6672,0,2
1013,0,2
1773,0,3
3171,0,1
5680,0,2
291,0,1
5846,0,1
1805,0,1
2305,1,0
551,0,2
5930,0,2
170,0,3
2733,0,2
469,0,1
2778,0,1
2656,0,3
5357,0,2
3233,0,2
13,0,2
5016,0,3
4481,0,1
884,0,2
1025,0,2
2321,0,2
5544,0,1
5413,0,2
2792,0,1
1724,0,1
1879,0,2
6961,0,2
5263,0,2
3595,0,1
77,0,3
6162,0,2
3839,0,1
4680,0,3
6389,0,1
3501,0,3
1308,0,2
7270,0,2
4798,0,2
6061,0,2
2517,0,1
6331,0,2
6807,0,3
5331,0,1
2610,0,3
6818,0,2
861,0,3
6281,0,1
7417,0,2
265,0,2
6706,0,2
1471,0,2
798,0,1
2910,0,2
7045,0,2
4706,0,1
6145,0,2
758,0,1
236,0,1
1783,0,2
5108,0,1
2673,0,1
5526,0,2
7008,0,2
7118,0,1
5939,0,2
6587,0,3
7022,0,3
3407,0,1
32,0,3
6662,0,3
2815,0,2
5690,0,2
1178,0,2
3147,0,2
3804,0,2
4779,0,2
2810,0,3
3318,0,2
5293,0,2
6696,0,1
4486,0,2
431,0,2
2612,0,2
1148,0,3
2867,0,1
4137,0,2
6815,0,2
1440,0,3
287,0,2
2156,0,1
2147,0,1
1802,0,2
426,0,2
2153,0,2
6705,0,1
3354,0,2
1779,0,2
1892,0,3
6872,0,2
1886,0,2
2018,0,2
363,0,1
5545,0,3
5457,0,3
2044,0,2
312,0,1
4011,0,2
6876,0,2
4188,0,1
4914,0,1
2266,0,2
4399,0,1
6969,0,2
3001,0,2
2941,0,3
3094,0,2
6615,0,3
3271,0,2
3131,0,2
2781,0,1
6354,0,2
1743,0,3
5455,0,2
4490,0,1
4263,0,2
2461,0,2
1267,0,2
2531,0,2
5178,0,2
6072,0,3
1463,0,1
2973,0,1
720,0,1
3602,0,3
2865,0,1
3113,0,3
6945,0,3
3545,0,2
3004,0,3
5918,0,2
4443,0,3
1514,0,2
1516,0,1
811,0,3
1541,0,2
2460,0,2
5757,0,2
2744,0,3
6739,0,2
1998,0,1
1092,0,1
3091,0,1
5727,0,3
2510,0,1
6920,0,2
3568,0,1
6878,0,2
1229,0,1
2806,0,3
83,0,2
2635,0,2
4503,0,2
5812,0,2
4043,0,3
2390,0,2
6693,0,2
6479,0,1
1824,0,1
1015,0,1
4056,0,2
4154,0,2
1081,0,2
2101,0,2
4597,0,2
6527,0,2
5136,0,2
227,0,2
1128,0,2
5220,0,1
5162,0,2
6316,0,2
2464,0,2
361,0,1
4460,0,1
7638,0,1
5218,0,1
491,0,2
6385,0,1
5897,0,2
664,0,2
6329,0,2
1854,0,2
6871,0,2
3905,0,1
4169,0,1
3260,0,3
3553,0,2
6498,0,2
407,0,2
2247,0,2
1661,0,2
7187,0,3
5044,0,1
888,0,1
5783,0,2
133,0,2
4685,0,3
1052,0,2
86,0,3
47,0,1
3505,0,2
3677,0,1
3485,0,2
38,0,3
1026,0,2
3582,0,1
4594,0,3
1363,0,2
6042,0,1
746,0,2
4974,0,2
4358,0,2
1100,0,2
5202,0,2
5128,0,1
942,0,1
5604,0,1
7582,0,1
1414,0,2
7410,0,2
5530,0,2
7472,0,2
722,0,2
2318,0,1
2803,0,1
2926,0,2
4025,0,2
3691,0,2
6202,0,1
3035,0,3
2330,0,1
3699,0,1
3177,0,2
6425,0,2
1054,0,2
2780,0,1
4245,0,2
93,0,3
5634,0,2
7246,0,3
5278,0,2
2000,0,1
6093,0,2
1847,0,3
2884,0,1
6220,0,1
1965,0,2
5576,0,2
3245,0,2
5560,0,3
6180,0,1
592,0,2
4805,0,2
6095,0,2
1419,0,2
908,0,3
3092,0,2
1175,0,2
1472,0,2
6996,0,2
5102,0,2
935,1,4
2828,0,2
333,0,2
5387,0,1
2216,0,2
4061,0,1
2293,0,2
1189,0,2
4568,0,3
4394,0,1
1393,0,1
4940,0,1
4348,0,2
11,0,2
4704,0,3
1914,0,2
5100,0,2
2964,0,2
2770,0,2
1625,0,2
5887,0,2
3468,0,2
1753,0,3
6972,0,2
3254,0,2
1796,0,2
4428,0,2
2087,0,1
7555,0,3
4198,0,2
3664,0,2
7245,0,1
350,0,2
2795,0,2
1406,0,2
4453,0,1
2455,0,2
6164,0,3
2737,0,3
6049,0,2
7542,0,2
2144,0,2
1260,0,2
5328,0,1
6283,0,2
1629,0,1
3754,0,1
2800,0,3
6159,0,1
1689,0,2
7498,0,2
5605,0,3
927,0,1
24,0,2
4088,0,2
3463,0,2
6154,0,2
7043,0,2
5116,0,1
7097,0,2
2381,0,2
6339,0,2
562,0,1
3923,0,2
2732,0,2
468,0,1
4985,0,3
1473,0,2
1423,0,2
3041,0,1
3459,0,2
920,0,1
6913,0,2
205,0,3
7614,0,2
1549,0,2
6552,0,2
4337,0,3
1275,0,2
1626,0,2
6822,0,2
1340,0,2
2591,0,2
4932,0,2
2347,0,2
1227,0,2
4964,0,2
2193,0,1
545,0,2
5991,0,2
1070,0,2
3207,0,2
1413,0,2
5118,0,2
2017,0,2
5181,0,2
1763,0,2
1097,0,1
5558,0,3
6381,0,1
2329,0,2
7469,0,2
1933,0,1
5973,0,2
2933,0,2
1345,0,1
3939,0,1
6253,0,2
2525,0,3
6577,0,2
3424,0,2
3262,0,2
5492,0,2
3303,0,2
6634,0,1
332,0,2
5924,0,2
7573,0,2
4997,0,2
6183,0,2
570,0,3
2438,0,2
1662,0,3
2646,0,2
7309,0,3
3702,0,2
5234,0,3
255,0,2
427,0,2
1428,0,2
547,0,3
2254,0,2
6584,0,1
1080,0,2
5569,0,2
1804,0,2
566,0,3
5094,1,0
5506,0,2
2242,0,2
1711,0,2
2953,0,1
2066,0,1
2601,0,1
7258,0,3
2062,0,2
6824,0,2
5647,0,1
946,0,3
1861,0,2
841,0,3
326,0,2
1660,0,1
1504,0,2
1815,0,2
6170,0,2
3052,0,2
3068,0,1
3709,0,1
451,0,1
6875,0,1
855,0,2
88,0,2
430,0,2
2468,0,2
6998,0,1
3924,0,2
79,0,2
7214,0,2
1910,0,1
6376,0,3
7154,0,3
6347,0,3
616,0,1
35,0,2
7501,0,1
4775,0,1
6230,0,3
1612,0,2
3279,0,2
5380,0,2
5129,0,3
2353,0,1
6477,0,2
2626,0,1
5480,0,1
4992,0,2
1002,0,1
4164,0,2
1670,0,3
565,0,1
1187,0,1
6626,0,3
343,0,2
4595,0,1
1746,0,2
3581,0,2
5842,0,2
2346,0,1
4700,0,3
5174,0,1
2902,0,2
4500,0,1
1636,0,2
359,0,2
6541,0,2
5633,0,3
4125,0,2
1469,0,3
728,0,3
4369,0,2
6453,0,2
1149,0,1
2932,0,2
4386,0,1
4853,0,2
926,0,1
5142,0,1
6930,0,2
3675,0,1
1416,0,2
2860,0,2
5422,0,2
1683,0,2
3670,0,1
6911,0,1
357,0,0
1332,0,2
7629,0,2
5269,0,1
7301,0,1
5440,0,2
6980,0,1
3866,0,2
7486,0,3
1168,0,2
2473,0,2
2376,0,2
6988,0,2
3564,0,2
808,0,1
6906,0,2
2696,0,2
6586,0,2
3945,0,2
6699,0,1
6581,0,2
4718,0,2
1835,0,2
4642,0,2
2451,0,2
4444,0,1
4403,0,1
4299,0,2
6865,0,2
173,0,1
380,0,2
1807,0,2
646,0,3
6122,0,3
5775,0,1
3693,0,1
6617,0,2
2370,0,2
622,0,2
2838,0,1
563,0,2
3267,0,2
2292,0,1
3535,0,1
4829,0,2
2769,0,1
4286,0,2
4060,0,2
2794,0,1
6519,0,3
2949,0,1
2231,0,2
1806,0,2
7539,0,1
1834,0,1
6716,0,2
539,0,1
6981,0,2
3537,0,2
2484,0,1
2246,0,2
5386,0,1
1487,1,4
5097,0,2
2978,0,2
7492,0,3
5565,0,2
7341,0,2
3496,0,3
294,0,3
3948,0,1
4803,0,2
1801,0,2
7146,0,2
1111,0,3
7285,0,1
3356,0,1
4264,0,2
7004,0,2
5551,0,3
3929,0,2
3235,0,2
6311,0,3
4349,0,2
2776,1,0
1975,0,3
2751,0,2
1129,0,3
5486,0,3
822,0,2
4963,0,2
4202,0,2
6781,0,2
5260,0,3
5048,0,2
5246,0,2
472,0,2
118,0,2
4364,0,2
2198,0,2
3063,0,2
2899,0,2
824,0,3
2934,0,2
384,0,2
215,0,2
3105,0,2
62,0,2
5431,0,2
3744,0,2
6675,0,2
3854,0,1
2009,0,2
4930,0,3
5275,0,2
7271,0,3
1441,0,3
2885,0,2
4362,0,1
6245,0,2
2403,0,1
6234,0,1
6222,0,3
2429,0,3
4802,0,2
1785,0,3
89,0,2
7484,0,2
2829,0,2
6572,0,2
1468,0,2
2710,0,2
1262,0,1
3566,0,3
5882,0,2
825,0,2
2412,0,3
5818,0,2
1104,0,1
786,0,2
1449,0,3
381,0,2
2159,0,2
2834,0,2
6200,0,2
6640,0,2
5662,0,2
2055,0,2
3335,0,1
5730,0,3
4052,0,2
5950,0,2
5210,0,2
1093,0,1
5900,0,3
2734,0,1
5183,0,1
2648,0,2
7039,0,2
1184,0,2
2350,0,1
1765,0,2
4672,0,3
3385,0,2
2108,0,2
3766,0,2
6319,0,2
2747,0,2
6383,0,3
3101,0,2
4807,0,1
7564,0,3
5993,0,2
4318,0,2
2371,0,1
6208,0,2
2104,0,2
5764,0,2
2763,0,3
5122,0,2
3192,0,2
7137,0,2
281,0,3
1889,0,2
1241,0,2
2845,0,3
1623,0,2
6890,0,2
60,0,2
6266,0,2
298,0,3
6702,0,2
7399,0,1
1686,0,2
2375,0,2
739,0,1
7306,0,1
1276,0,2
4796,0,2
3409,0,2
2084,0,2
2409,0,1
7403,0,1
814,0,2
6433,0,2
6775,0,2
5869,0,2
5802,0,2
1011,0,1
2026,0,2
6124,0,2
922,0,2
7476,0,2
264,0,2
694,0,2
1234,0,2
5179,0,2
3728,0,2
81,0,1
1844,0,3
2480,0,5
7007,0,2
823,0,3
289,0,2
5797,0,2
5927,0,2
6434,0,2
1862,0,2
4519,0,1
6348,0,3
339,0,1
3940,0,2
5517,0,2
1819,0,2
1159,0,2
1867,0,2
474,0,2
4306,0,1
6899,0,2
6893,0,3
2430,0,3
1501,0,3
3117,0,2
4819,0,2
4615,0,1
3842,0,2
473,1,0
7600,0,2
4242,1,0
2203,0,3
7292,0,2
415,0,2
3588,0,2
2923,0,2
492,0,3
1380,0,1
1715,0,2
1962,0,2
6590,0,3
1973,0,3
308,0,2
1793,0,2
4916,0,1
5283,0,3
7465,0,2
7533,0,3
3486,0,2
4026,0,3
7348,0,2
2688,0,2
6415,0,2
6294,0,3
3047,0,2
3517,0,2
6522,0,1
1566,0,2
4682,0,2
6647,0,2
3080,0,1
7593,0,1
2593,0,2
3855,0,2
1198,0,3
4557,0,2
2898,0,2
5965,0,2
4973,0,3
3623,0,2
3391,0,1
2543,0,1
3971,0,2
809,0,2
3636,0,3
5211,0,2
1325,0,2
2007,0,3
2221,0,2
4865,0,2
6468,0,2
4163,0,2
4296,0,2
2002,0,2
5018,0,3
324,0,3
2267,0,2
1766,0,1
6668,0,2
6991,0,2
4489,0,1
4221,0,3
1228,0,2
7110,0,2
3846,0,2
918,0,1
4903,0,1
6628,0,1
2740,0,3
1497,0,3
2584,0,2
1540,0,2
1917,0,2
5464,0,2
1534,0,2
7408,0,1
3076,0,2
4584,0,3
2154,0,2
3580,0,1
5684,0,3
4269,0,1
854,0,2
9,0,1
610,0,2
1203,0,3
2881,0,3
3153,0,1
1695,0,2
5496,0,2
1495,0,1
3209,0,1
3043,0,2
5666,0,2
7519,0,1
1642,0,3
5117,0,2
2574,0,1
178,0,2
3785,0,1
1980,0,2
1633,0,1
2709,0,1
7035,0,3
1394,0,1
3983,0,3
2164,0,2
3114,0,3
4074,0,2
3319,0,3
4774,0,3
3536,0,2
3661,0,2
3030,0,2
5149,0,3
5879,0,1
237,0,2
3248,0,1
2639,0,2
6143,0,3
5159,0,2
1408,0,3
2077,0,2
2802,0,2
3643,0,2
5472,0,2
5350,0,2
4956,0,1
3591,0,2
5963,0,2
3220,0,2
1289,0,2
7528,0,2
4614,0,2
1370,0,2
4629,0,2
4888,0,3
4550,0,2
7532,0,2
3292,0,3
4659,0,2
39,0,2
1772,0,1
57,0,2
7430,0,2
1145,0,2
7584,0,1
3956,0,2
201,0,2
6207,0,2
2955,0,3
5051,0,1
2954,0,2
2647,0,1
2012,0,2
6399,0,2
1532,0,2
6810,0,2
1771,0,2
4023,0,1
6426,0,1
5597,0,1
6393,0,2
417,0,2
612,0,3
2822,0,2
7370,0,3
617,0,1
502,0,2
1201,0,2
4990,0,2
819,0,2
4283,0,2
2228,0,2
940,0,2
1274,0,2
4821,0,1
4352,0,1
4849,0,3
6816,0,2
2380,0,2
4870,0,2
230,0,2
6515,0,2
301,0,2
2694,0,2
4114,0,1
2966,0,1
1008,0,2
5729,0,2
1611,0,3
3339,0,2
3361,0,2
5976,0,1
4920,0,2
3977,0,2
1583,0,2
273,0,1
2223,0,3
5883,0,3
6449,0,2
1609,0,2
4429,0,2
2070,0,2
1798,0,2
1602,0,2
3312,0,2
5528,0,2
4772,0,1
5919,0,1
4873,0,2
6223,0,2
2666,0,2
5056,0,2
6518,0,3
6754,0,2
4281,0,1
2922,0,2
4919,0,2
7040,0,2
7618,0,2
7567,0,2
5907,0,2
4782,0,1
40,0,3
7251,0,2
948,0,2
6226,0,2
374,0,2
6416,0,2
1303,0,1
7129,0,1
4218,0,1
5259,0,3
5332,0,1
2855,0,2
6314,0,2
3181,0,2
488,0,2
2530,0,1
1425,0,3
4390,0,2
3941,0,3
2912,0,1
1841,0,2
2135,0,3
803,0,2
2043,0,3
3544,0,3
6977,0,1
6171,0,1
5922,0,2
4897,0,1
761,0,1
964,0,1
2894,0,3
2786,0,2
222,0,1
3212,0,2
3126,0,4
1415,0,1
3299,0,1
1574,0,2
641,0,2
4808,0,4
5299,0,3
7066,0,2
3429,0,4
3149,0,0
702,0,2
5394,0,2
2798,0,1
7297,0,1
6090,0,5
6932,0,2
937,0,2
1570,0,2
192,0,2
4243,0,1
1885,0,2
4441,0,4
2984,0,1
7364,0,2
7203,0,1
3188,0,2
797,0,3
880,0,1
6256,0,4
2774,0,3
3223,0,2
3264,0,2
3023,0,2
3751,0,2
1618,0,1
4591,0,4
2925,0,2
313,0,1
7108,0,4
3368,0,2
6244,0,2
1439,0,2
3530,0,1
2880,0,2
1853,0,3
1651,0,1
3561,0,1
1572,0,1
3028,0,1
4958,0,2
282,0,2
4159,0,2
4347,0,4
4947,0,2
7206,0,4
2690,0,2
695,0,1
510,0,2
2287,0,2
1759,0,1
4097,0,3
7237,0,4
5130,0,2
2621,0,3
3756,0,2
235,0,3
6502,0,4
4059,0,4
6764,0,2
3461,0,2
3360,0,2
6098,0,2
813,0,2
7103,0,2
589,0,1
3415,0,2
7119,0,2
1826,0,4
5820,0,1
1995,0,2
5784,0,3
2080,0,2
3380,0,4
3118,0,3
527,0,4
1899,0,2
5612,0,4
4327,0,4
865,0,2
636,0,2
425,0,4
7363,0,2
6829,0,1
44,0,1
5721,0,4
5865,0,2
2471,0,2
5040,0,1
7133,0,2
3655,0,4
7250,0,2
1631,0,2
2577,0,4
1941,0,2
5172,0,1
2448,0,1
3979,0,3
5765,0,1
1324,0,2
3441,0,2
6819,0,2
7592,0,4
5957,0,2
5640,0,3
7032,0,2
2172,0,2
2413,0,2
2874,0,2
2094,0,2
4232,0,4
4901,0,2
1818,0,2
2520,0,4
2149,0,1
3032,0,3
1135,0,4
6065,0,2
3186,0,2
7556,0,2
4840,0,2
4110,0,2
6805,0,2
1158,0,1
7084,0,2
1641,0,4
6677,0,1
945,0,4
7481,0,1
2502,0,4
5561,0,2
3427,0,4
752,0,3
3317,0,4
5112,0,2
3103,0,1
6293,0,2
3739,0,2
6287,0,2
4179,0,1
6123,0,1
7386,0,2
1717,0,4
306,0,2
7372,0,4
2229,0,2
7523,0,4
5760,0,2
6649,0,2
1615,0,4
3908,0,2
2178,0,2
6532,0,4
1287,0,3
4592,0,4
1820,0,4
7186,0,4
3657,0,1
51,0,2
3562,0,2
3646,0,1
4001,0,2
3282,0,2
4084,0,2
4089,0,2
108,0,2
147,0,2
6954,0,2
2263,0,2
7238,0,4
1121,0,1
6933,0,2
4294,0,2
5780,0,2
4040,0,4
3966,0,1
4793,0,2
4843,0,1
7361,0,4
3991,0,2
530,0,2
6681,0,4
6014,0,4
5010,1,0
4767,0,1
6826,0,2
3634,0,1
3288,0,2
5011,0,1
3981,0,4
5586,0,2
4731,0,2
5641,0,2
31,0,2
4751,0,2
4092,0,4
1190,0,2
7111,0,2
6001,0,2
833,0,2
3627,0,2
2707,0,2
4200,0,2
1956,0,1
196,0,2
7302,0,4
7453,0,1
3989,0,2
7195,0,4
713,0,2
6360,0,2
3879,0,4
3034,0,2
129,0,2
4409,0,2
3724,0,2
6901,0,2
4180,0,4
3735,0,2
3497,0,2
4610,0,4
2960,0,2
1056,0,3
2363,0,1
3967,0,1
3525,0,3
5383,0,4
4385,0,2
666,0,4
6956,0,2
1039,0,3
4290,0,2
5221,0,2
3840,0,2
4864,0,2
84,0,2
2849,0,2
4404,0,2
5083,0,4
858,0,3
718,0,3
4786,0,2
1434,0,2
5017,0,2
2719,0,2
6270,0,2
6371,0,2
6948,0,2
2095,0,3
6446,0,2
2791,0,2
1450,0,1
3551,0,1
4525,0,3
1177,0,2
7471,0,2
1878,0,2
6638,0,1
7269,0,2
4317,0,2
4282,0,1
6974,0,4
4212,0,2
4668,0,2
608,0,2
6924,0,3
4520,0,2
5169,0,2
3194,0,2
4660,0,2
344,0,4
1480,0,3
3289,0,1
5653,0,2
2515,0,3
3554,0,2
1527,0,3
2472,0,3
4783,0,2
2401,0,2
1019,0,2
2793,0,2
6272,0,2
4861,0,2
3306,1,0
268,0,2
5066,0,4
3575,0,5
3097,0,4
598,0,1
2509,0,1
4066,0,1
6009,0,2
7373,0,2
3915,0,2
5115,0,4
4190,0,1
1211,0,1
3650,0,3
3903,0,2
3810,0,2
3120,0,2
2576,0,1
1869,0,3
6169,0,2
1123,0,3
508,0,4
2252,0,4
6040,0,2
4737,0,3
4749,0,3
2157,0,1
7620,0,2
1959,0,2
7374,0,2
1797,0,1
4661,0,3
2641,0,4
22,0,4
3168,0,3
6598,0,2
2990,0,2
594,0,2
561,0,3
6150,0,1
1462,0,3
292,0,2
2320,0,3
748,0,2
6817,0,2
3918,0,2
1714,0,3
1538,0,4
1036,0,4
7344,0,4
5071,0,1
217,0,2
3558,0,2
1991,0,1
5131,0,2
1679,0,1
3476,0,4
7264,0,2
2317,0,2
7267,0,2
4195,0,3
5314,0,3
2274,0,2
3316,0,4
2118,0,2
5316,0,1
7549,0,4
1209,0,1
6113,0,2
4271,0,2
1218,0,2
3963,0,2
3399,0,2
1496,0,4
1979,0,4
4509,0,4
3026,0,2
2507,0,4
341,0,2
2882,0,3
5932,0,3
3721,0,2
2513,0,3
1330,0,4
372,0,3
1580,0,2
3701,0,4
5378,0,2
1309,0,4
3138,0,2
2063,0,2
5233,0,2
6687,0,2
4072,0,3
4717,0,3
2459,0,2
4260,0,1
7114,0,1
4531,0,1
6663,0,3
6448,0,1
436,0,2
3776,0,2
4411,0,2
5287,0,4
2785,0,2
6715,0,2
1155,0,2
7166,0,2
1150,0,4
66,0,4
3847,0,2
4514,0,3
6206,0,1
5223,0,4
5489,0,2
7131,0,3
7215,0,4
4285,0,1
3858,0,1
504,0,2
971,0,1
5285,0,3
6686,0,1
2209,0,2
595,0,1
7160,0,3
1543,0,2
5568,0,2
5,0,2
6576,0,2
6403,0,4
1790,0,4
2215,0,2
6975,0,2
810,0,2
2244,0,5
1594,0,4
1852,0,2
4204,0,2
253,0,1
4620,0,2
5938,0,2
5624,0,2
1424,0,2
4898,0,1
3353,0,4
831,0,1
7418,0,1
385,0,3
1102,0,4
4408,0,2
6367,0,4
6557,0,2
2542,0,2
2547,0,2
467,0,2
4601,0,3
6027,0,3
3332,0,4
3835,0,2
632,0,2
3296,0,4
3145,0,2
2835,0,2
4133,0,4
2850,0,1
2191,0,4
7175,0,4
1678,0,2
3142,0,2
5302,0,4
3175,0,3
6828,0,1
2756,0,2
4681,0,2
1987,0,2
4207,0,3
4687,0,2
7044,0,2
6657,0,1
6750,0,1
579,0,3
4487,0,2
6456,0,2
3823,0,1
5209,0,2
881,0,3
4891,0,4
3434,0,2
4170,0,4
4756,0,2
864,0,2
4183,0,2
2255,0,2
2336,0,3
1354,0,2
5849,0,2
574,0,2
6340,0,2
3818,0,2
5788,0,4
2367,0,2
2939,0,4
2494,0,3
1310,0,1
5512,0,4
3002,0,3
5575,0,2
6531,0,1
4804,0,2
1217,0,1
3069,0,2
2684,0,2
2676,0,2
5572,0,2
5247,0,2
830,0,4
1508,0,2
3440,0,2
7077,0,2
5279,0,2
1814,0,4
3523,0,4
5438,0,2
1503,0,1
6989,0,4
2142,0,2
7354,0,1
4521,0,2
4397,0,1
413,0,2
2532,0,2
2372,0,1
5212,0,3
3749,0,3
6190,0,2
6264,0,2
5626,0,2
6362,0,2
5773,0,1
3217,0,2
2558,0,1
6755,0,2
4320,0,2
3084,0,2
1116,0,2
4354,0,2
6859,0,2
6263,0,2
4596,0,2
7218,0,3
7319,0,3
3790,0,3
2097,0,4
4724,0,2
1256,0,2
1913,1,0
3837,0,3
1554,0,1
1167,0,1
4886,0,2
2069,0,2
5067,0,3
3778,0,2
4415,0,2
272,0,2
5563,0,2
6710,0,2
2661,0,1
5836,0,1
2038,0,4
2731,0,3
2996,0,2
3760,0,2
5184,0,4
6141,0,4
5984,0,4
7257,0,2
3658,0,2
6985,0,2
3436,0,4
6763,0,2
893,0,2
1053,0,1
6378,0,2
7260,0,2
3197,0,2
4937,0,4
2833,0,2
611,0,1
1650,0,2
250,0,2
4196,0,1
5407,0,2
1890,0,2
3164,0,3
4103,0,4
1335,0,2
6295,0,3
3400,0,2
5916,0,1
2565,0,2
1555,0,2
1381,0,2
3410,0,3
2152,0,2
575,0,1
1567,0,2
3350,0,2
4311,0,2
974,0,1
1161,0,1
5636,0,1
6521,0,4
4567,0,2
6138,0,3
6062,0,4
214,0,2
166,0,2
4683,0,1
1418,0,2
4106,0,3
1350,0,2
2385,0,1
2405,0,5
5478,0,1
1176,0,3
3676,0,1
5898,0,2
2715,0,2
1312,0,2
4101,0,2
706,0,4
1755,0,2
7232,0,1
5708,0,4
7314,0,2
2812,0,2
4482,0,2
3531,0,2
6215,0,2
2344,0,2
6733,0,2
2106,0,2
2663,0,2
4835,0,4
497,0,1
2988,0,2
5504,0,1
461,0,2
4855,0,4
4972,0,3
1169,0,1
134,0,2
6039,0,2
1138,0,4
6447,0,2
6503,0,3
3054,0,1
18,0,3
3049,0,2
1909,0,2
4573,0,2
5843,0,3
1690,0,3
3933,0,2
456,0,2
6529,0,2
5719,0,3
997,0,2
6291,0,2
3216,0,1
3378,0,2
5379,0,2
1740,0,2
5870,0,2
5077,0,2
1627,0,2
4220,0,2
3211,0,2
6364,0,2
4278,0,2
6179,0,3
3542,0,3
4788,0,1
1422,0,3
3518,0,2
5821,0,1
486,0,1
441,0,2
705,0,1
7450,0,2
775,0,2
5540,0,2
1059,0,3
2667,0,3
5471,0,2
450,0,2
5483,0,2
2669,0,2
1964,0,2
836,0,1
245,0,2
6791,0,2
3831,0,2
6435,0,2
3680,0,2
3387,0,1
4381,0,1
6168,0,2
4165,0,2
4536,0,1
5867,0,2
1372,0,2
3679,0,1
3044,0,2
5741,0,1
7194,0,1
3722,0,3
4931,0,2
416,0,2
6537,0,2
5596,0,2
1494,0,1
550,0,2
7144,0,2
1813,0,1
3706,0,1
2645,0,1
373,0,2
716,0,2
4980,0,2
3509,0,1
4598,0,2
6780,0,1
7345,0,2
3947,0,2
573,0,3
6357,0,3
360,0,2
911,0,1
5615,0,2
3229,0,2
2048,0,2
6943,0,2
5902,0,2
2783,0,1
6276,0,3
1253,0,3
3478,0,1
7080,0,2
1930,0,3
851,0,2
7026,0,3
2253,0,3
802,0,3
7227,0,2
1990,0,2
2637,0,1
3772,0,3
2816,1,0
2668,0,2
2466,0,2
1259,0,2
2987,0,2
1447,0,2
5961,1,0
6173,0,2
4035,0,2
3066,0,2
7193,0,1
6233,0,2
105,0,2
6397,0,1
7497,0,3
2008,0,2
3774,0,1
7308,0,2
6734,0,1
668,0,2
4255,0,1
3128,0,2
2630,0,3
3506,0,3
1202,0,3
1488,0,3
7036,0,5
4831,0,1
3073,0,2
4785,0,3
5574,0,2
3727,0,5
7224,0,2
1593,0,1
2145,0,1
7289,0,2
3491,0,2
500,0,2
4405,0,1
6024,0,2
4847,0,2
4908,0,1
1664,0,2
4401,0,2
1922,0,2
7340,0,2
3166,0,1
7506,0,2
2357,0,3
246,0,2
3708,0,3
404,0,2
3946,0,3
2241,0,1
4905,0,3
5325,0,1
2383,0,1
1139,0,5
4034,0,1
7574,0,1
4655,0,1
2204,0,2
4820,0,2
4417,0,1
3160,0,1
528,0,2
656,0,2
757,0,3
3384,0,2
4038,0,1
7202,0,1
1524,0,3
3972,0,1
3640,0,3
442,0,1
2205,0,2
7378,0,1
3782,0,2
7375,0,2
3654,0,2
2035,0,2
1299,0,3
1442,0,1
4696,0,1
3587,0,2
4494,0,3
7200,0,3
7017,0,3
3521,0,3
995,0,2
2761,0,2
7291,0,1
1792,1,0
912,0,3
7127,0,2
3589,0,1
5305,0,3
7524,0,1
606,0,3
1182,0,2
1320,0,3
4478,0,2
1800,0,2
1883,0,1
5891,0,2
5720,0,1
3541,0,2
2596,0,2
1799,0,3
4171,0,2
3136,0,2
6427,0,2
4367,1,0
7299,0,2
2580,0,2
7041,0,3
7602,0,2
4291,0,2
1656,0,1
5905,0,2
588,0,2
4705,0,3
189,0,2
6862,0,3
1781,0,2
5270,0,2
2351,0,1
5022,0,2
7625,0,2
5498,0,2
5043,0,1
1757,0,2
3471,0,1
1943,0,1
3894,0,2
4325,0,2
2199,0,3
2312,0,1
5620,0,3
2404,0,3
6624,0,1
1912,0,2
4178,0,2
1351,0,3
5411,0,2
2177,0,2
6459,0,2
6484,0,2
6149,0,3
4542,0,2
2991,0,3
7382,0,2
3340,0,2
7266,0,2
4391,0,1
8,0,3
2508,0,2
1918,0,1
2959,0,3
2506,0,2
1770,0,3
143,0,2
2384,0,2
3210,0,1
7362,0,1
3799,0,3
6192,0,1
2425,0,3
5372,0,1
1513,0,3
3603,0,2
3547,0,1
5550,0,3
3734,0,2
3641,0,1
4946,0,1
1519,0,2
1021,0,2
2469,0,1
1261,0,1
1794,0,3
1300,0,2
243,0,2
1732,0,2
924,0,3
4123,0,1
3051,0,2
5996,0,2
7132,0,2
7122,0,2
660,1,0
1545,0,2
6305,0,2
1692,0,3
3798,0,2
4679,0,3
3572,0,1
3534,0,1
6350,0,2
558,0,2
2809,0,3
16,0,2
1723,0,2
5047,0,2
1244,0,2
6724,0,2
4124,0,3
7388,0,1
4665,0,2
998,0,3
6806,0,2
2856,0,2
4118,0,2
5522,0,1
1482,0,3
5577,0,2
3060,0,3
6898,0,1
943,0,2
2238,0,3
4970,0,2
7047,0,2
5598,0,2
2111,0,2
586,0,1
2853,0,2
2440,0,2
61,0,3
5841,0,2
6135,0,1
5774,0,2
7404,0,2
6265,0,2
4102,0,1
7134,0,3
1069,0,1
6398,0,2
5541,0,2
6594,0,2
4448,0,2
4335,0,3
78,0,1
4554,0,2
6789,0,2
7320,0,2
1734,0,2
4495,0,2
1539,0,2
211,0,2
4341,0,2
1619,0,2
6808,0,2
3251,0,2
665,0,2
1339,0,1
3685,0,2
6308,0,0
3853,0,5
2970,0,3
1136,0,2
3743,0,2
6454,0,2
2861,0,1
67,0,4
2703,0,2
6771,0,2
4528,0,2
5817,0,1
7460,0,2
414,0,3
3477,0,2
6851,0,1
2327,0,2
5800,0,2
7349,0,3
2040,0,2
584,0,3
2214,0,1
4116,0,1
4854,0,2
4063,0,0
4577,0,1
4240,0,3
2400,0,1
2064,0,3
4199,0,3
1489,0,2
4148,0,2
7074,0,1
3781,0,3
3528,0,3
4915,0,2
5151,0,1
3370,0,2
4923,0,2
3820,0,2
4862,0,2
7559,0,2
4817,0,1
223,0,2
2218,0,2
1474,0,2
5141,0,2
6922,0,3
4457,0,3
6057,0,2
1106,0,2
719,0,2
4229,0,4
3099,0,2
210,0,2
2019,0,2
3767,0,2
534,0,3
3957,0,3
6258,0,3
642,0,1
1764,0,3
7261,0,2
7082,0,1
1821,0,1
1562,0,3
6866,0,2
6082,0,2
3130,0,2
7145,0,4
897,0,2
5050,0,3
3926,0,2
2309,0,3
1213,0,1
5450,0,2
6174,0,3
3876,0,4
4295,0,2
6054,0,3
5271,0,1
6984,0,1
7425,0,2
3653,0,2
993,0,3
4078,0,2
3250,0,2
5111,0,5
6609,0,3
3390,0,1
546,0,2
378,0,1
5104,0,2
5049,0,1
2208,0,2
5165,0,3
2968,0,2
5098,0,2
4363,0,3
4359,0,2
6574,0,3
5582,0,1
5168,0,2
6689,0,2
2313,0,2
5968,0,2
1871,0,2
5207,0,4
587,0,2
2161,0,1
796,0,2
769,0,3
3599,0,4
3182,0,2
1736,0,2
3502,0,3
7263,0,2
3256,0,1
4959,0,2
3683,0,2
674,0,3
7153,0,2
2294,0,2
1048,0,1
1498,0,2
2192,0,3
5570,0,2
3334,0,1
1283,0,2
3696,0,2
7512,0,4
6201,0,2
6227,0,2
150,0,2
1606,0,1
1163,0,2
449,0,2
538,0,3
3011,0,3
2338,0,2
5023,0,1
7272,0,1
5360,0,2
340,0,2
2900,0,3
655,0,2
7073,0,1
3877,0,2
285,0,3
7136,0,2
3620,0,2
5164,0,2
6596,0,2
5214,0,2
4859,0,3
2632,0,2
5439,0,2
1645,0,2
972,0,2
157,0,1
5601,0,2
581,0,2
1183,0,2
386,0,2
4841,0,4
4761,0,2
5663,0,2
4485,0,2
1727,0,2
6752,0,2
6432,0,2
3695,0,3
1810,0,1
1682,0,1
5523,0,2
7274,0,2
898,0,2
2109,0,2
7491,0,3
7243,0,2
627,0,2
4055,0,2
6573,0,2
3208,0,3
7192,0,3
3184,0,2
4031,0,2
6632,0,2
4324,0,2
6925,0,4
4051,0,3
3107,0,4
5423,0,3
6401,0,2
1872,0,2
1132,0,2
2505,0,2
1654,0,3
123,0,1
2176,0,1
277,0,3
3314,0,1
576,0,2
3687,0,1
437,0,2
2096,0,2
5665,0,2
5186,0,2
3333,0,3
2288,0,2
3934,0,2
1551,0,2
2698,0,3
1326,0,3
392,0,2
507,0,2
3302,0,4
4326,0,4
3841,0,2
7426,0,4
709,0,5
5809,0,1
2994,0,2
4575,0,3
4582,0,2
2227,0,2
6257,0,1
3922,0,3
604,0,3
5001,0,2
5242,0,1
3718,0,3
785,0,4
4578,0,2
567,0,2
1072,0,3
6950,0,2
4339,0,2
4067,0,3
3070,0,3
4085,0,1
4058,0,2
5854,0,2
7229,0,4
6568,0,1
4938,0,3
6365,0,1
5395,0,3
4217,0,1
4676,0,2
569,0,4
7617,0,2
6240,0,1
7436,0,2
1006,0,3
1156,0,2
7390,0,1
3110,0,1
571,0,2
7449,0,2
541,0,1
4412,0,2
3669,0,2
1837,0,2
4139,0,3
6070,0,2
6685,0,1
5171,0,1
1528,0,1
97,0,1
5537,0,0
689,0,2
1849,0,3
7570,0,1
4994,0,2
6606,0,2
614,0,2
2365,0,2
7391,0,4
6833,0,1
5410,0,1
6097,0,3
3704,0,2
7128,0,3
3867,0,2
4249,0,1
2456,0,3
7640,0,3
973,0,3
826,0,3
3763,0,2
2345,0,4
1978,0,2
6690,0,2
7003,0,2
2999,0,2
6570,0,5
4425,0,2
5419,0,1
5994,0,3
1946,0,1
6125,0,2
4087,0,4
2516,0,2
5697,0,3
5949,0,3
5029,0,2
2169,0,1
4921,0,1
6096,0,2
6877,0,3
1179,0,2
1240,0,1
4466,0,2
2081,0,4
5295,0,1
5095,0,2
7443,0,2
2699,0,3
2023,0,2
3817,0,2
1557,0,1
4944,0,2
4033,0,1
7087,0,3
353,0,1
4068,0,2
2049,0,2
7106,0,1
6588,0,2
960,1,0
3257,0,1
6648,0,2
1840,0,2
3649,0,1
7589,0,2
6036,0,2
1749,0,2
2276,0,1
2110,0,3
4556,0,5
4201,0,1
4150,0,2
7384,0,3
7156,0,2
1668,0,3
5656,0,3
2753,0,2
3775,0,3
3667,0,1
4998,0,1
4209,0,1
2820,0,3
2310,0,2
2373,0,2
5861,0,3
3019,0,1
5036,0,3
1808,1,0
5725,0,3
6249,0,1
63,0,1
2963,0,2
2437,0,2
5229,0,2
5326,0,1
5367,0,1
2951,0,2
4343,0,1
4398,0,3
5785,0,3
1284,0,3
3902,0,1
7283,0,1
4424,0,2
6507,0,2
564,0,1
6776,0,3
4257,0,2
5698,0,2
7085,0,2
4423,0,3
3020,0,2
6965,0,2
7516,0,2
1698,0,2
5466,0,1
7296,0,1
549,0,1
7018,0,1
6081,0,3
7124,0,2
3845,0,1
1712,0,2
2417,0,2
6108,0,2
5925,0,2
5088,0,1
5733,0,2
5704,0,2
853,0,1
3033,0,1
4650,0,1
5474,0,3
3098,0,3
996,0,2
1079,0,2
2414,0,1
4666,0,3
2757,0,2
6914,0,3
5559,0,3
514,0,1
7116,0,2
4936,0,3
4422,0,2
3369,0,1
7033,0,1
6497,0,1
6466,0,2
7140,0,2
2499,0,5
4216,0,1
2570,0,1
6556,0,1
7534,0,1
6942,0,1
7180,0,3
3042,1,0
2837,0,2
3162,0,3
3082,0,1
687,0,1
3205,0,2
5554,0,1
2605,0,1
7235,0,1
6854,0,2
2722,0,2
939,0,1
2297,0,2
2358,0,2
1713,0,5
5758,0,3
1410,0,2
3196,0,3
7081,0,1
6210,0,1
3185,0,3
319,0,2
2705,0,2
463,0,3
4781,0,2
4754,0,2
5339,0,5
5272,0,1
4647,0,2
6300,0,1
4440,0,3
2614,0,1
257,0,1
2854,0,2
3729,0,2
5404,0,1
5462,0,1
1684,0,1
1446,0,1
5488,0,2
6165,0,3
3015,0,3
1697,0,1
412,0,3
2640,0,2
5289,0,5
1270,0,2
4707,0,2
1384,0,2
7029,0,2
453,0,2
7177,0,3
6957,0,1
5584,0,1
1588,0,1
699,0,1
4454,0,3
1269,0,1
915,0,1
7249,0,2
5412,1,0
2928,0,1
6035,0,1
778,0,1
3771,0,2
780,0,2
1559,0,2
5348,0,1
6444,0,1
2571,0,1
6369,0,2
1935,0,2
1263,0,3
1357,0,2
3383,0,3
6323,0,1
1774,0,2
3596,0,3
4945,0,2
4378,0,3
2233,0,1
4368,0,1
3703,0,1
5311,0,2
5244,0,4
139,0,2
2875,0,4
6147,0,2
5226,0,2
6698,0,2
2942,0,4
883,0,2
3357,0,2
5309,0,2
5590,0,3
931,0,4
5548,0,4
6088,0,3
3474,0,2
3987,0,4
4131,0,2
3202,0,2
6028,0,4
87,0,4
1949,0,4
5694,0,2
7611,0,2
331,0,4
411,0,4
4047,0,1
2027,0,1
3864,0,3
4976,0,4
4566,0,4
3351,0,4
3159,0,2
4777,0,4
1436,0,2
3614,0,2
5989,0,2
3752,0,3
2181,0,4
707,0,4
1073,0,1
2811,0,2
3133,0,2
7016,0,1
4515,0,1
2787,0,4
2059,0,2
2269,0,4
1587,0,4
5864,0,1
6749,0,4
3408,0,3
2047,0,2
2493,0,4
3769,0,3
5085,0,2
1108,0,2
6481,0,2
6450,0,1
3417,0,4
5890,0,2
5120,0,3
6642,0,4
1659,0,4
3006,0,2
1323,0,4
3639,0,3
1382,0,2
262,0,2
398,0,2
7645,0,2
6825,0,4
3085,0,4
3037,0,4
2264,0,2
1316,0,4
5718,0,2
2439,0,1
2041,0,4
176,0,2
1925,0,2
4955,0,2
4634,0,4
3230,0,1
156,0,3
1510,0,4
531,0,2
3608,0,4
6629,0,4
2929,0,2
379,0,4
7204,0,1
5772,0,3
3108,0,2
5964,0,4
2998,0,4
2658,0,1
1747,0,3
91,0,2
3472,0,5
4535,0,4
4844,0,2
5707,0,4
5342,0,2
5747,0,1
128,0,4
2257,0,4
6633,0,2
2615,0,1
5987,0,4
7091,0,2
4638,0,4
6394,0,1
7182,0,1
7031,0,3
4877,0,2
5274,0,4
5631,0,4
773,0,4
1762,0,2
7213,0,4
4728,0,2
4967,0,2
56,0,3
20,0,2
1377,0,3
160,0,4
4449,0,2
1741,0,2
6105,0,1
4838,0,3
7444,0,2
4070,0,4
2697,0,2
1078,0,2
5549,0,4
2535,0,4
3985,0,3
5255,0,3
6832,0,2
1221,0,2
3132,0,2
5388,0,4
5206,0,4
2033,0,2
2210,0,4
1122,0,2
3325,0,3
1411,0,4
186,0,2
3018,0,2
1035,0,2
4356,0,4
887,0,4
2586,0,2
14,0,4
352,0,3
5145,0,2
3343,0,4
857,0,1
7407,0,2
3522,0,4
7393,0,1
5006,0,2
3125,0,2
4768,0,2
7326,0,4
3526,0,2
2196,0,3
5063,0,2
3460,0,2
2488,0,2
376,0,2
6317,0,2
7385,0,3
1739,0,4
7535,0,3
6408,0,4
5668,0,2
4280,0,4
7365,0,2
892,0,1
863,0,2
4981,0,4
1884,0,2
5627,0,2
6505,0,4
3183,0,4
3822,0,2
5435,0,3
2368,0,4
5082,0,3
3237,0,2
7325,0,4
3980,0,4
3538,0,3
1140,0,2
3039,0,2
4104,0,4
5618,0,2
5776,0,2
5376,0,2
1761,0,2
6746,0,4
6560,0,2
5588,0,3
1001,0,3
4430,0,2
957,0,2
5284,0,2
1954,0,4
3406,0,4
3624,0,2
2291,0,4
2250,0,2
6524,0,4
1632,0,4
3061,0,4
4933,0,2
4902,0,2
5933,0,2
6346,0,2
6867,0,2
4763,0,4
652,0,3
5053,0,5
2938,0,1
3226,0,3
5674,0,4
3100,0,2
599,0,3
4882,0,2
5338,0,2
7142,0,4
1464,0,2
615,0,4
3187,0,3
4384,0,3
4518,0,2
2168,0,1
1230,0,3
3626,0,2
6999,0,2
2779,0,2
3482,0,1
1823,0,2
6052,0,1
5683,0,2
2546,0,2
7541,0,5
5998,0,3
1718,0,2
691,0,2
5789,0,2
2677,0,2
336,0,4
2088,0,2
5096,0,2
1448,0,2
6273,0,4
5646,0,1
5080,0,3
4094,0,2
4845,0,2
4926,0,3
6680,0,4
6762,0,2
4589,0,1
5822,0,2
4894,0,2
6622,0,1
2976,0,2
4586,0,1
3665,0,2
4451,0,4
4181,0,5
5806,0,2
2892,0,2
925,0,2
4206,0,2
5670,0,4
3029,0,2
2130,0,2
5321,0,4
3021,0,3
944,0,4
6288,0,2
6904,0,2
419,0,2
7462,0,1
6178,0,2
6069,0,2
7463,0,4
7610,0,4
2745,0,4
6986,0,3
1427,0,4
4887,0,2
6820,0,3
7613,0,4
5196,0,4
3088,0,4
1676,0,4
910,0,2
3806,0,2
4627,0,4
5556,0,2
5417,0,4
2528,0,2
1205,0,2
3512,0,1
4344,0,4
3444,0,4
271,0,1
6553,0,2
4764,0,4
4400,0,4
3733,0,2
1825,0,2
5256,0,4
5039,0,2
2754,0,2
2186,0,4
3359,0,3
5816,0,2
1457,0,2
7288,0,4
2085,0,4
1944,0,4
6891,0,1
7065,0,2
5028,0,2
2618,0,2
5392,0,4
4470,0,2
618,0,1
1295,0,2
2573,0,4
4602,0,2
2067,0,1
7513,0,2
7475,0,4
92,0,2
1708,0,3
1194,0,4
1563,0,4
5444,0,2
5009,0,2
5866,0,4
2655,0,4
6728,0,2
3139,0,1
6684,0,4
936,0,2
5134,0,2
4769,0,2
4960,0,2
3096,0,4
6520,0,4
2349,0,2
5691,0,3
1137,0,3
4686,0,4
3900,0,3
7644,0,3
7293,0,3
1041,0,4
4625,0,2
5795,0,3
435,0,4
2583,0,3
2773,0,2
1426,0,4
1601,0,2
2167,0,1
5923,0,2
3075,0,2
818,0,1
951,0,2
7312,0,3
4189,0,3
4239,0,4
7636,0,2
4875,0,2
4846,0,1
5885,0,2
2644,0,4
742,0,2
5421,0,2
6937,0,4
2015,0,2
6993,0,1
1915,0,4
5443,0,2
349,0,4
2741,0,2
6889,0,2
7305,0,2
6267,0,2
4670,0,2
6784,0,3
832,0,2
4193,0,2
3713,0,2
6688,0,2
2093,0,2
4674,0,2
3978,0,2
4641,0,1
4130,0,1
297,0,4
6753,0,2
3253,0,2
4447,0,4
6137,0,4
1452,0,1
420,0,4
4155,0,1
6034,0,1
4007,0,1
1782,0,4
7130,0,1
4559,0,1
5823,0,2
7383,0,2
878,0,2
2825,0,2
3843,0,2
3083,0,3
2602,0,2
3848,0,2
2273,0,2
6489,0,4
5427,0,2
7548,0,2
5703,0,2
4469,0,2
1297,0,2
774,0,4
3345,0,4
7458,0,4
3358,0,4
1222,0,2
5746,0,4
4157,0,2
5660,0,1
6794,0,4
4644,0,3
5988,0,2
613,0,3
7627,0,2
7013,0,2
2836,0,3
5840,0,2
1874,0,4
3986,0,2
3467,0,4
6268,0,2
5292,0,1
2126,0,4
3880,0,4
4953,0,2
2863,0,2
3791,0,2
601,0,2
5491,0,2
5912,0,2
6375,0,3
1491,0,2
6284,0,2
6562,0,3
1531,0,1
5731,0,2
7188,0,2
3761,0,2
6844,0,3
5157,0,4
625,0,2
848,0,4
1409,0,3
4880,0,4
6205,0,2
4892,0,3
4187,0,1
459,0,2
651,0,2
6214,0,4
1648,0,4
6726,0,4
6297,0,2
2236,0,1
2921,0,4
3651,0,4
4332,0,4
3593,0,1
3355,0,2
2183,0,4
751,0,2
3348,0,2
1622,0,2
4395,0,5
4046,0,2
5081,0,4
7278,0,4
7093,0,1
4138,0,4
1675,0,2
688,0,2
1533,0,4
4565,0,2
5953,0,2
185,0,1
1945,0,1
1701,0,1
71,0,2
6430,0,2
7316,0,2
5161,0,3
2465,0,4
1948,0,4
6247,0,2
4236,0,4
554,0,2
4977,0,4
3619,0,4
3955,0,4
5341,0,3
2232,0,1
5469,0,4
2295,0,2
765,0,4
4406,0,4
1242,0,1
5068,0,2
7565,0,4
4493,0,5
5337,0,2
698,0,2
3231,0,4
7183,0,2
1255,0,2
5428,0,4
5310,0,3
3489,0,4
5374,0,2
6555,0,4
3087,0,4
197,0,2
6600,0,2
1347,0,4
1726,0,2
5992,0,2
6918,0,4
7019,0,4
560,0,2
1976,0,4
410,0,2
6731,0,2
4160,0,4
3993,0,2
5313,0,2
980,0,2
804,0,2
2121,0,3
3912,0,2
1817,0,4
5224,0,3
1634,0,2
3949,0,4
4475,0,2
5434,0,4
3974,0,4
1674,0,2
4265,0,2
4656,0,2
1653,0,4
6144,0,4
6579,0,4
5978,0,2
5026,0,2
4215,0,4
2524,0,4
4375,0,4
5947,0,3
4002,0,1
2419,0,1
7579,0,4
5740,0,2
731,0,4
36,0,1
5625,0,4
5073,0,4
7356,0,4
1022,0,4
2652,0,3
2463,0,2
5651,0,2
4727,0,4
1421,0,2
2492,0,4
4472,0,4
1257,0,4
1417,0,2
1971,0,4
947,0,2
2356,0,1
1050,0,2
5069,0,1
7138,1,0
596,0,2
3998,0,4
4695,0,2
2805,0,4
2592,0,2
1461,0,3
6487,0,4
6092,0,3
7255,0,4
3154,0,1
5536,0,2
6020,0,2
1992,0,4
3567,0,4
2608,0,1
455,0,4
2201,0,4
7152,0,4
5015,0,2
2174,0,2
6670,0,4
4734,0,2
3148,0,2
4811,0,2
3266,0,4
7275,0,4
2958,0,2
7509,0,1
5329,0,2
204,0,2
6047,0,2
3285,0,2
6055,0,3
7380,0,2
2225,0,2
5611,0,4
6917,0,2
5441,0,1
1592,0,4
5382,0,2
6083,0,2
5685,0,4
4910,0,2
4618,0,1
6041,0,2
4510,0,2
2481,0,2
4562,0,4
5926,0,2
6436,0,2
3443,0,2
3352,0,1
5567,0,4
4366,0,3
5804,0,2
1191,0,4
1162,0,2
6275,0,4
4355,0,1
4917,0,4
2808,0,2
6238,0,2
506,0,3
1264,0,4
1709,0,2
4166,0,2
4226,0,4
7537,0,4
4235,0,2
2935,1,0
1561,0,4
903,0,1
5845,0,2
3936,0,2
5237,0,3
6855,0,2
5175,0,3
6176,0,4
6737,0,1
1744,0,2
2262,0,3
516,0,4
2725,0,4
3134,0,4
1458,0,4
3493,0,4
4041,0,4
5837,0,2
2452,0,2
2388,0,2
5327,0,4
7277,0,4
6589,0,3
7027,0,4
1058,0,4
1208,0,2
5397,0,4
5460,0,2
1437,0,4
5236,0,2
1937,0,4
5166,0,2
5304,0,4
5985,0,4
7583,0,2
2243,0,2
4365,0,4
5193,0,4
6912,0,4
1063,0,2
3684,0,2
7058,0,1
199,0,4
4684,0,2
3234,0,1
3524,0,2
2061,0,3
279,0,1
815,0,1
5872,0,2
2483,0,4
1737,0,1
5163,0,4
6604,0,2
1333,0,2
1355,0,3
7281,0,2
6076,0,1
2316,0,1
4461,0,1
2188,0,1
6437,0,1
5366,0,2
6536,0,1
1578,0,1
6602,0,1
2308,0,1
7253,0,2
490,0,1
5831,0,2
6439,0,3
2170,0,3
6651,0,2
5046,0,1
768,0,1
4730,0,1
7323,0,2
4262,0,2
5744,0,1
7414,0,1
5770,0,1
5458,0,2
6511,0,3
7220,0,2
3970,0,2
2704,0,2
1,0,2
4049,0,3
6783,0,2
1195,0,3
3453,0,2
4228,0,1
5877,0,2
5811,0,2
2588,0,2
6140,0,1
4445,0,2
3919,0,1
717,0,1
4759,0,2
1988,0,2
6246,0,3
6333,0,1
6548,0,2
1216,0,2
1599,1,0
4042,0,2
3833,0,2
3583,0,2
3395,0,3
1016,0,3
6271,0,2
1595,0,1
3892,0,2
895,0,1
5396,0,1
1760,0,1
3495,0,3
7172,0,3
3801,0,2
4741,0,1
6569,1,0
1857,0,3
6094,0,2
3342,0,2
4259,0,2
1939,0,2
2449,0,2
3577,0,2
7526,0,3
6661,0,3
2444,0,3
6646,0,2
2016,0,2
7338,0,2
5416,0,2
6353,0,2
1045,0,2
7252,0,3
6232,0,2
4516,0,2
1214,0,2
5144,0,2
5065,0,1
90,0,2
2068,0,2
4825,0,2
6671,0,1
791,0,2
496,0,1
1986,0,1
1560,0,2
1305,0,2
5398,0,2
6720,0,1
2162,0,2
5385,0,2
837,0,3
2042,0,2
3449,0,2
5216,0,2
5769,0,3
2664,0,1
6048,0,1
6438,0,2
3057,0,1
5738,0,2
6792,0,3
4147,0,2
5219,0,2
5803,0,2
6603,0,2
4416,0,2
2797,0,2
6971,0,2
7268,0,1
5571,0,3
2889,0,2
5343,0,2
5317,0,2
6359,0,2
4013,0,1
7336,0,2
2432,0,2
1517,0,1
4288,0,1
5826,0,3
6377,0,2
620,0,2
6405,0,3
1706,0,2
2890,0,1
2123,0,2
3320,0,1
2539,0,2
1603,0,1
3773,0,2
3311,0,1
6292,0,1
4277,0,5
1845,0,1
1090,0,2
7337,0,2
2708,0,2
1479,0,2
1074,0,2
7190,0,1
6195,0,2
6907,0,3
5516,0,2
4527,0,2
6079,0,2
4039,0,2
1251,0,3
6928,0,2
3780,0,1
137,0,1
3377,0,2
3376,0,2
6099,0,2
1830,0,2
1906,0,3
4018,0,2
1089,0,2
2490,0,2
2914,0,3
6186,0,2
4037,0,1
4673,0,1
7113,0,1
2411,0,3
6243,0,1
1505,0,2
1067,0,3
3797,0,1
2743,0,1
5252,0,2
5911,0,2
602,0,2
3550,0,1
5359,0,1
2260,0,2
2541,0,2
2750,0,2
6915,0,1
3115,0,2
3884,0,2
873,0,3
2441,0,1
5147,0,2
7432,0,2
2397,0,2
4256,0,2
3510,0,2
2447,0,2
114,0,2
6896,0,1
3830,0,2
2561,0,2
2736,0,2
163,0,2
221,0,3
3414,0,1
4162,0,2
5761,0,2
6045,0,2
3055,0,2
5585,0,1
5189,0,2
5057,0,3
1034,0,2
2738,0,1
3146,0,2
4792,0,2
1970,0,1
5858,0,1
4351,0,2
1362,0,2
4248,0,2
6160,0,2
3565,0,2
4758,0,2
6880,0,2
3328,0,1
1786,0,1
3605,0,2
3270,0,2
5072,0,2
6790,0,2
4794,0,2
6022,0,2
6841,0,2
2628,0,1
1666,0,1
3546,0,1
6510,0,2
5671,0,2
3280,0,2
1529,0,2
5790,0,2
429,0,2
5944,0,2
6231,0,2
1961,0,2
6488,0,2
3682,0,3
5578,0,5
5969,0,3
3961,0,1
330,0,3
952,0,3
5921,0,1
5737,0,1
4989,0,1
6700,0,3
6410,0,2
138,0,2
1972,0,2
6298,0,2
2548,0,2
5197,0,3
2175,0,1
4009,0,1
919,0,3
2712,0,2
4884,0,1
3597,0,1
4331,0,1
949,0,3
2598,0,2
1864,0,2
868,0,2
394,0,3
7334,0,3
4268,0,2
733,0,1
6650,0,2
3374,0,1
4197,0,1
6424,0,3
1453,0,2
6567,0,3
3392,0,3
7639,0,3
4210,0,3
2337,0,2
3809,0,3
6676,0,2
3008,0,3
7554,0,3
6372,0,3
3381,0,3
4547,0,1
6474,0,2
6136,0,2
5333,0,2
5878,0,2
2500,0,1
7514,0,3
3642,0,1
4017,0,2
4149,0,2
6997,0,2
3276,0,3
1014,0,1
679,0,2
1157,0,1
5470,0,2
1110,0,2
6155,0,2
6452,0,3
5838,0,3
6443,0,1
2270,0,2
3169,0,1
5232,0,3
2132,0,2
3578,0,1
657,0,2
5743,0,1
3514,0,2
6947,0,2
1281,0,1
7478,0,3
1958,0,2
6129,0,1
4468,0,1
523,0,1
5511,0,1
23,0,2
1754,0,1
984,0,2
2564,0,2
5240,0,2
7050,0,3
6335,0,1
2711,0,1
6050,0,3
2374,0,2
6306,0,1
6464,0,3
4274,0,2
5871,0,2
3329,0,3
4962,0,2
4744,0,2
3487,0,2
5282,0,1
5635,0,2
3007,0,1
6008,0,2
2284,0,2
3891,0,2
6478,0,5
3874,0,1
4499,0,1
2037,0,1
4929,0,3
2467,0,2
6431,0,2
6611,0,1
5706,0,2
524,0,3
5365,0,2
5261,0,3
5768,0,3
1984,0,2
5781,0,2
3313,0,3
5608,0,3
2521,0,2
2324,0,2
6139,0,2
1271,0,1
7221,0,2
1337,0,2
4006,0,1
5319,0,2
2074,0,2
1775,0,2
981,0,2
1558,0,3
5519,0,2
5258,0,2
70,0,2
6111,0,2
7504,0,2
1571,0,2
37,0,1
2090,0,3
6085,0,3
3742,0,1
4732,0,2
783,0,2
3976,0,2
4459,0,2
3090,0,1
5294,0,3
6280,0,2
6655,0,2
2115,0,2
3422,0,2
6189,0,3
7109,0,3
6203,0,2
5373,0,1
1843,0,2
6595,0,2
1397,0,2
6370,0,2
438,0,3
402,0,2
4541,0,3
195,0,2
5177,0,3
6712,0,2
6290,0,1
7586,0,3
6718,0,2
7030,0,5
7092,0,2
828,0,2
3263,0,2
4389,0,1
334,0,1
7006,0,2
4517,0,3
302,0,1
6597,0,2
4588,0,2
5893,0,2
244,0,1
5032,0,3
4795,0,2
1359,0,2
4830,0,2
2239,0,2
3447,0,2
2903,0,1
3206,0,1
4512,0,3
3652,0,1
6356,0,2
1313,0,2
7400,0,3
5368,0,1
1200,0,2
629,0,2
3111,0,2
5914,0,3
6578,0,2
6322,0,2
3228,0,1
295,0,2
3298,0,2
7333,0,2
6732,0,2
3808,0,2
274,0,4
1719,0,4
5389,0,1
482,0,2
329,0,2
1778,0,1
7482,0,2
5452,0,2
7466,0,2
4667,0,2
4912,0,1
3788,0,1
6252,0,1
3625,0,2
2277,0,2
4342,0,2
4370,0,2
2083,0,2
1188,0,2
7331,0,2
5835,0,1
1475,0,2
1548,0,2
4376,0,2
238,0,2
2768,0,2
582,0,2
2873,0,2
1511,0,2
5830,0,1
3861,0,2
6674,0,2
346,0,2
2662,0,2
6879,0,1
314,0,1
7343,0,1
7011,0,3
4607,0,2
1725,0,2
5599,1,0
408,0,2
6496,0,2
3796,0,2
5543,0,3
5857,0,2
327,0,2
1353,0,2
6000,0,2
5139,0,2
6465,0,2
3786,0,2
866,0,2
3064,0,2
7351,0,3
4214,0,2
3569,0,1
3045,0,3
5060,0,2
4382,0,3
1301,0,2
1024,0,2
182,0,3
4534,0,2
5895,0,2
7438,0,2
6951,0,4
7580,0,1
979,0,2
7000,0,1
3870,0,2
5091,0,0
2298,0,2
7402,0,2
3598,0,3
4826,0,1
2624,0,2
6758,0,2
5752,0,1
5692,0,3
5791,0,2
3795,0,2
723,0,2
914,0,2
4693,0,2
1379,0,2
2389,0,2
3511,0,4
3746,0,4
4374,0,4
1916,0,3
590,0,2
3163,0,2
2730,0,2
4222,0,0
242,0,2
1607,0,1
572,0,2
4319,0,2
4434,1,4
2379,0,2
131,0,4
4065,0,2
2102,0,2
6494,0,4
1375,0,2
3025,0,2
4008,0,2
3065,0,1
5828,0,2
3821,0,2
2005,0,2
4208,0,2
2519,0,2
5152,0,2
6547,0,1
3813,0,5
715,0,2
7,0,2
2076,0,2
6564,0,2
3726,0,2
5442,0,3
1665,0,2
3779,0,2
676,0,2
6121,0,2
1700,0,2
2458,0,2
3787,0,1
405,0,2
2052,0,2
6565,0,2
6493,0,2
5943,0,2
5649,0,2
5833,0,2
4117,0,2
5254,0,2
729,0,2
7089,0,3
4380,0,2
7395,0,1
4719,0,4
553,0,2
3826,0,2
7157,0,2
5038,0,2
1721,0,2
3982,0,1
1101,0,1
4675,0,2
7307,0,2
1851,0,2
1900,0,1
5125,0,2
697,0,2
1124,0,2
6067,0,4
3745,0,2
7005,0,2
1307,0,2
6351,0,2
4743,0,2
5479,0,2
1769,0,2
3086,0,2
1839,0,3
2053,0,2
4050,0,2
4028,0,2
7083,0,2
1338,0,2
1232,0,1
2496,0,2
6058,0,3
1099,0,3
6327,0,2
6856,0,2
3481,0,3
4539,0,2
7064,0,4
3990,0,2
4702,0,2
1401,0,2
6421,0,2
4858,0,2
4878,0,2
4801,0,2
5393,0,2
6402,0,1
6949,0,3
6310,0,2
2961,0,1
1644,0,2
4984,0,1
5628,0,2
5307,0,3
6392,0,2
6429,0,3
1113,0,2
5055,0,2
5796,0,1
6512,0,3
6514,0,3
7023,0,3
6219,0,3
5975,0,2
5495,0,2
994,0,2
3475,0,2
3612,0,2
6613,0,2
6114,0,2
207,0,2
5124,0,3
5610,0,2
6229,0,2
2680,0,2
144,1,0
5390,0,2
7069,0,2
464,0,2
4939,0,2
1777,0,4
3432,0,2
5735,0,2
3921,0,2
5340,0,2
4073,0,2
5630,0,2
3215,0,2
5524,0,3
6326,0,2
1252,0,2
6342,0,2
3290,0,2
5330,0,2
1290,0,3
6109,0,2
3959,0,2
2594,0,2
6713,0,2
1206,0,2
1669,0,3
2427,0,2
568,0,1
2450,0,2
2755,0,2
3286,0,3
6126,0,1
2701,0,2
4511,0,2
4372,0,2
5021,0,3
1728,0,2
2377,0,2
6387,0,2
5008,0,3
7389,0,2
1691,0,2
7495,0,2
3637,0,2
1553,0,4
3009,0,2
6019,0,2
3398,0,2
6142,0,2
1584,0,2
5799,0,2
229,0,2
4530,0,2
2454,0,1
7599,0,2
3717,0,2
3898,0,2
1356,0,2
3747,0,2
4419,0,3
12,0,3
7282,0,3
4949,0,2
3268,0,2
2864,0,2
3529,1,0
2213,0,2
365,0,2
3488,0,3
5154,0,2
5406,0,2
2859,0,4
2674,0,2
7485,0,2
6958,0,1
3647,0,1
2642,0,2
583,0,3
3156,0,2
6551,0,2
4507,0,1
7038,0,2
5437,0,2
6002,0,1
325,0,2
5763,0,2
4776,0,3
2846,0,2
5508,0,2
770,0,2
6892,0,2
6886,0,2
4458,0,2
6636,0,2
5250,0,2
3304,0,2
6303,0,2
6102,0,2
6011,0,2
4630,0,2
5990,0,2
5654,0,3
684,0,2
5318,0,2
5135,0,2
6224,0,1
2014,0,2
2360,0,4
6533,0,2
2689,0,2
6797,0,2
6813,0,2
968,0,2
686,0,2
1478,0,2
619,0,2
3503,0,2
1891,0,2
5426,0,1
5888,0,2
7381,0,2
5602,0,2
7189,0,2
2947,0,2
4027,0,1
5678,0,2
4555,0,2
6332,0,2
5190,0,2
2651,0,2
1685,0,2
1226,0,2
7359,0,1
4815,0,2
1220,0,2
5982,0,2
1010,0,2
6133,0,2
7101,0,4
7125,0,2
1470,0,2
989,0,2
3337,0,2
7020,0,3
3265,0,2
7094,0,2
5520,0,2
5521,0,3
5064,0,2
3750,0,2
3431,0,2
966,0,2
4435,0,2
5801,0,2
7572,0,2
5958,0,2
3151,0,2
418,0,2
4755,0,2
7102,0,2
2406,0,2
986,0,2
4633,0,2
3883,0,2
1118,0,2
6946,0,2
3887,0,3
5191,0,2
6994,0,2
5194,0,3
5956,0,2
6741,0,2
2435,0,2
2322,0,2
7628,0,2
6341,0,3
3165,0,2
7196,0,2
3297,0,2
4506,0,2
2911,0,2
6679,0,2
4736,0,2
2302,0,2
5002,0,2
4857,0,2
4437,0,1
3539,0,2
6669,0,2
4120,0,4
2137,0,2
4266,0,2
5829,0,2
5619,0,2
6250,0,2
7162,0,2
2148,0,1
226,0,2
4757,0,2
3668,0,3
2503,0,2
3916,0,2
7100,0,3
5409,0,2
3242,0,1
1731,0,2
5606,0,4
4654,0,2
3227,0,2
1334,0,2
3261,0,2
121,0,2
2982,0,2
6929,0,4
6423,0,3
5296,0,2
6585,0,2
4464,0,2
4664,0,2
727,0,3
2031,0,2
1027,0,2
959,0,2
5979,0,2
6897,0,3
4789,0,2
3221,0,2
6312,0,4
3330,0,4
7300,0,2
4194,0,2
5014,0,2
2369,0,1
7413,0,1
1610,0,2
6419,0,2
7060,0,2
395,0,2
6652,0,2
2034,0,2
3996,0,1
2079,0,2
5499,0,1
3793,0,2
2386,0,2
4604,0,2
4504,0,2
673,0,3
3454,0,3
6388,0,2
1028,0,2
3364,0,0
3079,0,1
2888,0,2
6458,0,2
1476,0,1
3259,0,2
4987,0,2
7626,0,2
637,0,2
3888,0,2
6110,0,2
529,0,2
6012,0,2
3909,0,2
2382,0,2
2446,0,2
4132,0,1
7053,0,2
3616,0,2
6304,0,2
4396,0,3
7071,0,2
21,0,0
6549,0,2
3715,0,2
7121,0,1
4812,0,2
6740,0,2
400,0,2
3072,0,1
7431,0,1
3917,0,2
452,0,2
6051,0,2
4735,0,4
4742,0,1
6026,0,2
5980,0,2
7254,0,2
6148,0,1
5025,0,2
1460,0,2
2155,0,2
480,0,3
5198,0,2
5786,0,2
5126,0,2
2847,0,2
4,0,2
2523,0,2
5673,0,2
6644,0,2
4617,0,2
6730,0,3
4691,0,2
712,0,4
4957,0,2
3455,0,2
2993,0,2
4581,0,4
5204,1,0
3200,0,2
7191,0,2
5547,0,1
2249,0,1
6870,0,2
6366,0,2
7168,0,2
3469,0,2
76,0,2
2965,0,2
2567,0,1
4254,0,2
6117,0,2
1556,0,2
6838,0,2
4671,0,3
6729,0,1
1881,0,2
154,0,2
3714,0,2
2470,0,2
2474,0,2
3238,0,1
6809,0,2
6721,0,2
2011,0,1
1368,0,2
5782,0,1
7335,0,2
3802,0,2
3672,0,2
6591,0,2
4361,0,1
1677,0,2
3755,0,2
4560,0,2
4462,0,2
3543,0,2
6939,0,2
5967,0,2
403,0,2
3323,0,2
5113,0,2
5490,0,2
5123,0,2
5962,0,2
6888,0,2
6704,0,2
6084,0,2
3686,0,2
6467,0,2
4054,0,2
2146,0,1
5981,0,2
2151,0,3
7606,0,1
6658,0,2
5273,0,2
3174,0,1
2749,0,2
4978,0,2
3204,1,0
3740,0,2
4109,0,4
6938,0,3
3308,0,3
2423,0,2
6015,0,2
4340,0,2
525,0,2
209,0,3
6610,0,2
4152,0,2
7329,0,2
7076,0,2
867,0,2
5007,0,1
7086,0,4
7529,0,2
766,0,2
5167,0,2
3078,0,2
6440,0,2
5855,0,2
4934,0,2
2099,0,2
7223,0,2
7295,0,2
7171,0,2
6386,0,2
1870,1,0
6779,0,2
370,0,2
5335,1,0
6692,0,3
3557,0,2
5531,0,2
5972,0,2
2030,0,2
6482,0,2
3258,0,2
3191,0,2
4738,0,4
4603,0,2
6457,0,2
7179,0,2
5482,0,3
6075,0,2
885,0,2
4439,0,2
2675,0,1
2119,0,2
5553,0,2
2408,0,2
4069,0,2
5910,0,2
7147,0,2
52,0,2
6131,0,2
4576,0,2
2746,0,2
3291,0,2
4172,0,2
2136,0,2
3607,0,2
7346,0,2
3585,0,2
3753,0,2
4708,0,2
5805,0,2
3448,0,2
396,0,2
2029,0,2
7421,0,2
5677,0,2
5853,0,2
6199,0,2
5430,0,2
605,0,2
7423,0,4
2073,0,2
311,0,5
869,0,2
2814,0,2
4121,0,2
3707,0,2
6544,0,2
5607,0,2
5355,0,2
5533,0,1
2606,0,4
5750,0,4
6566,0,2
736,0,2
7454,0,2
7173,0,2
6664,0,4
5353,0,2
4421,0,2
3777,0,2
6873,0,1
4024,0,2
6800,0,2
5839,0,2
738,0,2
30,0,2
7479,0,2
6334,0,1
6091,0,2
3944,0,2
667,0,0
2554,0,1
5778,0,1
1492,0,2
2872,0,2
2190,0,2
2442,0,2
5931,0,2
5119,0,2
1635,0,4
597,0,3
3622,0,1
6044,0,2
7553,0,2
7446,0,2
278,0,2
2813,0,2
6601,0,3
3141,0,2
3931,0,2
1236,0,2
6927,0,2
840,0,2
4081,0,2
2870,0,2
3732,0,2
1321,0,3
7641,0,2
5150,0,2
7409,0,2
2028,0,2
7236,0,2
432,0,2
4951,0,2
4866,0,2
4941,0,2
6653,0,4
2904,0,1
6204,0,2
3910,0,2
3873,0,2
734,0,2
3738,0,2
6509,0,2
2975,0,2
3999,0,2
5324,0,1
3393,0,2
6625,0,2
2578,0,1
3950,0,2
7057,0,2
5917,0,2
117,0,2
1579,0,2
1386,0,2
4219,0,2
603,0,2
7287,0,2
2256,0,2
2224,0,2
3856,0,3
781,0,2
5868,0,2
2671,0,2
5173,0,2
5155,0,2
1094,0,1
422,0,2
838,0,2
7494,0,2
3633,0,2
377,0,2
2331,0,2
7597,0,2
7470,0,2
3190,0,2
1977,0,2
2950,0,1
6470,0,2
4079,0,4
4836,0,2
3992,0,2
4690,0,2
4129,0,2
2826,0,2
4105,0,2
7538,0,2
5105,0,2
7598,0,2
471,0,2
1247,0,2
3935,0,2
2919,0,2
4879,0,2
3803,0,1
4247,0,2
6285,0,2
1750,0,2
2206,0,2
7286,0,1
4115,0,2
1438,0,2
6248,0,2
4353,0,2
5881,0,4
6630,0,2
3500,0,2
7420,0,2
338,0,2
5034,0,1
6184,0,2
3492,0,2
6030,0,2
1091,0,1
6546,0,2
4532,0,4
1285,0,2
2282,0,2
6451,0,2
3611,0,2
2286,0,2
3635,0,2
1920,0,2
368,0,2
5253,0,1
6103,0,2
42,0,2
162,0,2
6237,0,2
5446,0,1
6286,0,2
2141,0,2
2057,0,2
5243,0,2
3077,0,2
4136,0,2
4885,0,1
7551,0,2
5201,0,2
6593,0,2
7184,0,4
7165,0,2
135,0,1
3438,0,2
3994,0,2
6476,0,2
1672,0,2
5600,0,2
5035,0,2
2983,0,1
3862,0,1
3452,0,2
6612,0,2
5542,0,2
7415,0,2
7226,0,2
5513,0,2
2538,0,3
5432,0,2
852,0,2
4822,0,2
4075,0,2
6673,0,2
152,0,3
5904,0,2
354,0,2
4645,0,2
3388,0,3
4477,0,2
2359,0,2
2032,0,2
5695,0,2
2010,0,3
663,0,2
